kecamatan,stasiun,no,kelurahan,nama_rth,alamat,jenis_rth,luas_m2,lat,lon,presisi,kueri,osm_jenis,osm_nama
MENTENG,DKI1 Bundaran HI,1,MENTENG,JALUR HIJAU TEPIAN AIR BANJIR KANAL BARAT JL. KH. MAS MANSYUR S/D STASIUN KERETA API MAMPANG) SISI UTARA,"TEPI KALI BANJIR KANAL BARAT SISI UTARA, KEL. MENTENG, KEC. MENTENG, JAKARTA PUSAT.",JALUR HIJAU,30809.0,-6.2010459,106.8352111,kelurahan,"Menteng, Menteng, Jakarta Pusat",boundary/administrative,Menteng
MENTENG,DKI1 Bundaran HI,2,MENTENG,TAMAN MENTENG,"JL. HOS. COKROAMINOTO, RT.3/RW.5",TAMAN,24546.0,-6.1959974,106.8295739,objek,"TAMAN MENTENG, Menteng, Menteng, Jakarta Pusat",leisure/park,Taman Menteng
MENTENG,DKI1 Bundaran HI,3,GONDANGDIA,JALUR HIJAU JL. TEUKU UMAR,JL. TEUKU UMAR,JALUR HIJAU,20735.0,-6.1978699,106.8328195,jalan,"Jalan TEUKU UMAR, Jakarta Pusat",highway/tertiary,Jalan Teuku Umar
MENTENG,DKI1 Bundaran HI,4,MENTENG,TAMAN SUROPATI,"JL. TAMAN SUROPATI, RT.5/RW.5",TAMAN,16570.2,-6.1994133,106.8326256,objek,"TAMAN SUROPATI, Menteng, Menteng, Jakarta Pusat",leisure/park,Taman Suropati
MENTENG,DKI1 Bundaran HI,5,,JALUR MEDIAN JL. DIPONEGORO,JALUR MEDIAN JL. DIPONEGORO,JALUR HIJAU,16550.0,,,gagal,,,
MENTENG,DKI1 Bundaran HI,6,,JALUR MEDIAN JL. IMAM BONJOL,JALUR MEDIAN JL. IMAM BONJOL,JALUR HIJAU,16460.0,,,gagal,,,
MENTENG,DKI1 Bundaran HI,7,MENTENG,JALUR HIJAU TEPIAN AIR BANJIR KANAL BARAT (JL. JEND. SUDIRMAN-DUKUH ATAS S/D PERTIGAAN DEPAN PASAR RUMPUT) SISI SELATAN,"TEPI KALI BANJIR KANAL BARAT SISI SELATAN, KEL. MENTENG, KEC. MENTENG, JAKARTA PUSAT.",JALUR HIJAU,16156.0,-6.2010459,106.8352111,kelurahan,"Menteng, Menteng, Jakarta Pusat",boundary/administrative,Menteng
MENTENG,DKI1 Bundaran HI,8,MENTENG,TAMAN SITULEMBANG,"JL. LEMBANG TERUSAN NO.D-59, RT.6/RW.5",TAMAN,14700.0,-6.1977797,106.8346416,manual,manual: Google Maps,,
MENTENG,DKI1 Bundaran HI,9,,PULAU JL. PATUNG TANI S/D MEDIAN JL. KWITANG,PULAU JL. PATUNG TANI S/D MEDIAN JL. KWITANG,JALUR HIJAU,14531.0,,,gagal,,,
MENTENG,DKI1 Bundaran HI,10,MENTENG,JH TEPIAN AIR JL. SUMENEP,JH TEPIAN AIR JL. SUMENEP,JALUR HIJAU,8510.0,-6.2010459,106.8352111,kelurahan,"Menteng, Menteng, Jakarta Pusat",boundary/administrative,Menteng
MENTENG,DKI1 Bundaran HI,11,MENTENG,JH JL. DIPONEGORO,JH JL. DIPONEGORO,JALUR HIJAU,5998.2,-6.2010459,106.8352111,kelurahan,"Menteng, Menteng, Jakarta Pusat",boundary/administrative,Menteng
MENTENG,DKI1 Bundaran HI,12,GONDANGDIA,JH JL. SUTAN SYAHRIR (PINGGIR KALI),JH JL. SUTAN SYAHRIR (PINGGIR KALI),JALUR HIJAU,5352.4,-6.1911755,106.8293576,kelurahan,"Gondangdia, Menteng, Jakarta Pusat",boundary/administrative,Gondangdia
MENTENG,DKI1 Bundaran HI,13,MENTENG,JH JL. MOHAMMAD YAMIN (PINGGIR KALI),JH JL. MOHAMMAD YAMIN (PINGGIR KALI),JALUR HIJAU,4981.9,-6.2010459,106.8352111,kelurahan,"Menteng, Menteng, Jakarta Pusat",boundary/administrative,Menteng
MENTENG,DKI1 Bundaran HI,14,,JH JL. K.H WAHID HASYIM,JH JL. K.H WAHID HASYIM,JALUR HIJAU,4952.0,,,gagal,,,
MENTENG,DKI1 Bundaran HI,15,,JH BAWAH LAYANG REL KA STASIUN CIKINI (DEPAN MEGARIA),JH BAWAH LAYANG REL KA STASIUN CIKINI (DEPAN MEGARIA),JALUR HIJAU,4200.0,,,gagal,,,
MENTENG,DKI1 Bundaran HI,16,KEBON MELATI,JH TEPIAN AIR JL. TELUK BETUNG,JH TEPIAN AIR JL. TELUK BETUNG,JALUR HIJAU,3981.0,,,gagal,,,
MENTENG,DKI1 Bundaran HI,17,MENTENG,JH JL. TEUKU CIK DITIRO,JH JL. TEUKU CIK DITIRO,JALUR HIJAU,3610.2,-6.2010459,106.8352111,kelurahan,"Menteng, Menteng, Jakarta Pusat",boundary/administrative,Menteng
MENTENG,DKI1 Bundaran HI,18,MENTENG,RUMAH DINAS JABATAN GUBERNUR,"JL. TAMAN SUROPATI NO.7, RT.5/RW.5",TAMAN,3184.0,-6.1987376,106.8335622,manual,manual: Google Maps,,
MENTENG,DKI1 Bundaran HI,19,PEGANGSAAN,PULAU JL. AMIR HAMZAH,PULAU JL. AMIR HAMZAH,JALUR HIJAU,3175.0,-6.2019499,106.8474914,kelurahan,"Pegangsaan, Menteng, Jakarta Pusat",boundary/administrative,Pegangsaan
MENTENG,DKI1 Bundaran HI,20,GONDANGDIA,BUNDARAN & SEGITIGA PULO JL. CUT MUTIA/JL. GSSJ RATULANGI/JL. CUT NYAK DIEN,BUNDARAN & SEGITIGA PULO JL. CUT MUTIA/JL. GSSJ RATULANGI/JL. CUT NYAK DIEN,JALUR HIJAU,3150.0,-6.1911755,106.8293576,kelurahan,"Gondangdia, Menteng, Jakarta Pusat",boundary/administrative,Gondangdia
MENTENG,DKI1 Bundaran HI,21,MENTENG,TAMAN PANARUKAN,"JL. LUMAJANG, RT.2/RW.5, MENTENG, KEC. MENTENG, KOTA JAKARTA PUSAT, DAERAH KHUSUS IBUKOTA JAKARTA 10310",TAMAN,2933.0,-6.1978323,106.8274443,objek,"TAMAN PANARUKAN, Menteng, Menteng, Jakarta Pusat",leisure/park,Taman Panarukan
MENTENG,DKI1 Bundaran HI,22,MENTENG,TAMAN PATUNG DIPONEGORO,"JL. IMAM BONJOL NO.1, RT.5/RW.5",TAMAN,2773.6,-6.2001937,106.8325115,objek,"TAMAN PATUNG DIPONEGORO, Menteng, Menteng, Jakarta Pusat",leisure/park,Taman Patung Diponegoro
MENTENG,DKI1 Bundaran HI,23,MENTENG,TAMAN KODOK MENTENG,"JL. SIDOARJO, RT.3/RW.5",TAMAN,2500.0,-6.1974665,106.8298632,objek,"TAMAN KODOK MENTENG, Menteng, Menteng, Jakarta Pusat",leisure/park,Taman Kodok
MENTENG,DKI1 Bundaran HI,24,KEBON SIRIH,JH JL. MENTENG RAYA (DARI JL. KEBON SIRIH SD JL. CUT MUTIA),JH JL. MENTENG RAYA (DARI JL. KEBON SIRIH SD JL. CUT MUTIA),JALUR HIJAU,2470.0,-6.1850822,106.8311054,kelurahan,"Kebon Sirih, Menteng, Jakarta Pusat",boundary/administrative,Kebon Sirih
MENTENG,DKI1 Bundaran HI,25,,JH JL. MENTENG RAYA KANAN KIRI,JH JL. MENTENG RAYA KANAN KIRI,JALUR HIJAU,2470.0,,,gagal,,,
MENTENG,DKI1 Bundaran HI,26,MENTENG,TAMAN CILACAP DAN SEGITIGA PULAU TAMAN CILACAP,"JL. PROF. MOH. YAMIN 1, RT.16/RW.5",TAMAN,2149.0,-6.2010459,106.8352111,kelurahan,"Menteng, Menteng, Jakarta Pusat",boundary/administrative,Menteng
MENTENG,DKI1 Bundaran HI,27,MENTENG,TAMAN SUKABUMI,"JL. SUKABUMI, RT.2/RW.7, MENTENG, KEC. MENTENG, KOTA JAKARTA PUSAT, DAERAH KHUSUS IBUKOTA JAKARTA 10310",TAMAN,2104.0,-6.2037443,106.8411147,objek,"TAMAN SUKABUMI, Menteng, Menteng, Jakarta Pusat",leisure/park,Taman Sukabumi
MENTENG,DKI1 Bundaran HI,28,GONDANGDIA,PHB HOS COKROAMINOTO,PHB HOS COKROAMINOTO,JALUR HIJAU,2102.5,-6.1911755,106.8293576,kelurahan,"Gondangdia, Menteng, Jakarta Pusat",boundary/administrative,Gondangdia
MENTENG,DKI1 Bundaran HI,29,CIKINI,SEGITIGA PULO DEPAN MESJID CUT MUTIA & AMENITIES TROTOAR,SEGITIGA PULO DEPAN MESJID CUT MUTIA & AMENITIES TROTOAR,JALUR HIJAU,2000.0,-6.1913465,106.8395502,kelurahan,"Cikini, Menteng, Jakarta Pusat",boundary/administrative,Cikini
MENTENG,DKI1 Bundaran HI,30,MENTENG,JALUR HIJAU JL. DIPONEGORO (ANTARA TAMAN SUROPATI S/D MEGARIA) SISI KANAN KIRI TIDAK TERMASUK PEDESTRIAN,"JL. DIPONEGORO, MENTENG, JAKARTA PUSAT",JALUR HIJAU,1760.0,-6.2010877,106.8391226,jalan,"Jalan DIPONEGORO, MENTENG, JAKARTA PUSAT",highway/secondary,Jalan Pangeran Diponegoro
MENTENG,DKI1 Bundaran HI,31,MENTENG,JH JL. PEGANGSAAN BARAT,JH JL. PEGANGSAAN BARAT,JALUR HIJAU,1700.0,-6.2010459,106.8352111,kelurahan,"Menteng, Menteng, Jakarta Pusat",boundary/administrative,Menteng
MENTENG,DKI1 Bundaran HI,32,MENTENG,JH JL. LATUHARHARI DAN PULAU-PULAU,JH JL. LATUHARHARI DAN PULAU-PULAU,JALUR HIJAU,1650.5,-6.2010459,106.8352111,kelurahan,"Menteng, Menteng, Jakarta Pusat",boundary/administrative,Menteng
MENTENG,DKI1 Bundaran HI,33,,JH JL. LATUHARHARY (SISI KANAN KIRI),JH JL. LATUHARHARY (SISI KANAN KIRI),JALUR HIJAU,1650.5,,,gagal,,,
MENTENG,DKI1 Bundaran HI,34,GONDANGDIA,JH JL. GEREJA THERESIA,JH JL. GEREJA THERESIA,JALUR HIJAU,1635.5,-6.1911755,106.8293576,kelurahan,"Gondangdia, Menteng, Jakarta Pusat",boundary/administrative,Gondangdia
MENTENG,DKI1 Bundaran HI,35,GONDANGDIA,JH JL. JOHAR,JH JL. JOHAR,JALUR HIJAU,1500.0,-6.1911755,106.8293576,kelurahan,"Gondangdia, Menteng, Jakarta Pusat",boundary/administrative,Gondangdia
MENTENG,DKI1 Bundaran HI,36,MENTENG,JH JL. SURABAYA,JH JL. SURABAYA,JALUR HIJAU,1500.0,-6.2010459,106.8352111,kelurahan,"Menteng, Menteng, Jakarta Pusat",boundary/administrative,Menteng
MENTENG,DKI1 Bundaran HI,37,,JH JL. DIPONEGORO (MEGARIA-LAMPU MERAH RSCM) PROYEK DBM TH 2019,JH JL. DIPONEGORO (MEGARIA-LAMPU MERAH RSCM) PROYEK DBM TH 2019,JALUR HIJAU,1237.0,,,gagal,,,
MENTENG,DKI1 Bundaran HI,38,CIKINI,JALUR HIJAU JL. CUT MEUTIA,JL.. CUT MEUTIA,JALUR HIJAU,1191.0,-6.1872766,106.8338948,jalan,"Jalan . CUT MEUTIA, Jakarta Pusat",highway/primary,Jalan Cut Meutia
MENTENG,DKI1 Bundaran HI,39,MENTENG,TAMAN PEKALONGAN/GAJAH,"JL. PEKALONGAN NO.13, RT.2/RW.5, MENTENG, CENTRAL JAKARTA CITY, JAKARTA 10310",TAMAN,1139.0,-6.2010459,106.8352111,kelurahan,"Menteng, Menteng, Jakarta Pusat",boundary/administrative,Menteng
MENTENG,DKI1 Bundaran HI,40,MENTENG,VIADUCT LATUHARHARI,VIADUCT LATUHARHARI,JALUR HIJAU,1097.0,-6.2010459,106.8352111,kelurahan,"Menteng, Menteng, Jakarta Pusat",boundary/administrative,Menteng
MENTENG,DKI1 Bundaran HI,41,PEGANGSAAN,JH JL. KIMIA,JH JL. KIMIA,JALUR HIJAU,1062.5,-6.2019499,106.8474914,kelurahan,"Pegangsaan, Menteng, Jakarta Pusat",boundary/administrative,Pegangsaan
MENTENG,DKI1 Bundaran HI,42,GONDANGDIA,JH JL. SUNDA,JH JL. SUNDA,JALUR HIJAU,800.6,-6.1911755,106.8293576,kelurahan,"Gondangdia, Menteng, Jakarta Pusat",boundary/administrative,Gondangdia
MENTENG,DKI1 Bundaran HI,43,,TAMAN DEPAN GOLKAR (SEGITIGA),TAMAN DEPAN GOLKAR (SEGITIGA),JALUR HIJAU,780.0,,,gagal,,,
MENTENG,DKI1 Bundaran HI,44,PEGANGSAAN,TAMAN JL. TAMBAK (MEDIAN),JL. TAMBAK (MEDIAN),JALUR HIJAU,754.9,-6.2019499,106.8474914,kelurahan,"Pegangsaan, Menteng, Jakarta Pusat",boundary/administrative,Pegangsaan
MENTENG,DKI1 Bundaran HI,45,PEGANGSAAN,JH JL. PENATARAN,JH JL. PENATARAN,JALUR HIJAU,749.0,-6.2019499,106.8474914,kelurahan,"Pegangsaan, Menteng, Jakarta Pusat",boundary/administrative,Pegangsaan
MENTENG,DKI1 Bundaran HI,46,GONDANGDIA,JH JL. DR GSS RATULANGI DAN BAWAH REL BELAKANG MESJID CUT MUTIA,JH JL. DR GSS RATULANGI DAN BAWAH REL BELAKANG MESJID CUT MUTIA,JALUR HIJAU,667.2,-6.1911755,106.8293576,kelurahan,"Gondangdia, Menteng, Jakarta Pusat",boundary/administrative,Gondangdia
MENTENG,DKI1 Bundaran HI,47,MENTENG,TAMAN KERAWANG,"JL. KARAWANG NO.4, RT.3/RW.4, MENTENG, KEC. MENTENG, KOTA JAKARTA PUSAT, DAERAH KHUSUS IBUKOTA JAKARTA 10310",TAMAN,654.0,-6.2010459,106.8352111,kelurahan,"Menteng, Menteng, Jakarta Pusat",boundary/administrative,Menteng
MENTENG,DKI1 Bundaran HI,48,PEGANGSAAN,TAMAN KIMIA,"JL. TAMAN KIMIA, RT.10/RW.1, PEGANGSAAN, MENTENG, CENTRAL JAKARTA CITY, JAKARTA 10320",TAMAN,600.0,-6.1989311,106.844264,objek,"TAMAN KIMIA, Pegangsaan, Menteng, Jakarta Pusat",leisure/park,Taman Kimia
MENTENG,DKI1 Bundaran HI,49,GONDANGDIA,TAMAN SAWO,TAMAN SAWO,JALUR HIJAU,590.0,-6.1911755,106.8293576,kelurahan,"Gondangdia, Menteng, Jakarta Pusat",boundary/administrative,Gondangdia
MENTENG,DKI1 Bundaran HI,50,MENTENG,TAMAN LAWANG DAN SEGITIGA LAWANG,"JL. SUMENEP NO.5, RT.11/RW.4, MENTENG, KEC. MENTENG, KOTA JAKARTA PUSAT, DAERAH KHUSUS IBUKOTA JAKARTA 10310",TAMAN,507.0,-6.1989802,106.8246393,jalan,"Jalan SUMENEP NO.5, MENTENG, MENTENG, JAKARTA PUSAT",highway/tertiary,Jalan Sumenep
MENTENG,DKI1 Bundaran HI,51,PEGANGSAAN,TAMAN BONANG,"JL. BONANG 27-5, RT.6/RW.9, PD. BAMBU, KEC. DUREN SAWIT, KOTA JAKARTA TIMUR, DAERAH KHUSUS IBUKOTA JAKARTA 13430",TAMAN,485.3,-6.2019499,106.8474914,kelurahan,"Pegangsaan, Menteng, Jakarta Pusat",boundary/administrative,Pegangsaan
MENTENG,DKI1 Bundaran HI,52,MENTENG,TAMAN SEMARANG,"JL. SEMARANG, RT.12/RW.5, MENTENG, KEC. MENTENG, KOTA JAKARTA PUSAT, DAERAH KHUSUS IBUKOTA JAKARTA 10310",TAMAN,478.0,-6.1998863,106.8391254,objek,"TAMAN SEMARANG, Menteng, Menteng, Jakarta Pusat",leisure/park,Taman Semarang
MENTENG,DKI1 Bundaran HI,53,GONDANGDIA,TAMAN SEGITIGA JAWA,TAMAN SEGITIGA JAWA,JALUR HIJAU,450.0,-6.1911755,106.8293576,kelurahan,"Gondangdia, Menteng, Jakarta Pusat",boundary/administrative,Gondangdia
MENTENG,DKI1 Bundaran HI,54,MENTENG,JH JL. CIMAHI,JH JL. CIMAHI,JALUR HIJAU,368.0,-6.2010459,106.8352111,kelurahan,"Menteng, Menteng, Jakarta Pusat",boundary/administrative,Menteng
MENTENG,DKI1 Bundaran HI,55,GONDANGDIA,TAMAN SEGITIGA THERESIA,TAMAN SEGITIGA THERESIA,JALUR HIJAU,332.5,-6.1911755,106.8293576,kelurahan,"Gondangdia, Menteng, Jakarta Pusat",boundary/administrative,Gondangdia
MENTENG,DKI1 Bundaran HI,56,GONDANGDIA,TAMAN SEGITIGA RASAMALA,TAMAN SEGITIGA RASAMALA,JALUR HIJAU,272.2,-6.1911755,106.8293576,kelurahan,"Gondangdia, Menteng, Jakarta Pusat",boundary/administrative,Gondangdia
MENTENG,DKI1 Bundaran HI,57,GONDANGDIA,TAMAN PROBOLINGGO,"JL. PROBOLINGGO NO.18A, RT.1/RW.2, KUNINGAN, RT.16/RW.5, GONDANGDIA, KEC. MENTENG, KOTA JAKARTA PUSAT, DAERAH KHUSUS IBUKOTA JAKARTA 10350",TAMAN,272.0,-6.1911755,106.8293576,kelurahan,"Gondangdia, Menteng, Jakarta Pusat",boundary/administrative,Gondangdia
MENTENG,DKI1 Bundaran HI,58,GONDANGDIA,TAMAN PULAU JL. CENDANA,JL. CENDANA,JALUR HIJAU,250.5,-6.1922678,106.8317841,jalan,"Jalan CENDANA, Jakarta Pusat",highway/residential,Jalan Cendana
MENTENG,DKI1 Bundaran HI,59,PEGANGSAAN,JH JL. PEGANGSAAN TIMUR DAN PULAU-PULAU (BAWAH REL KA CIKINI DEPAN MEGARIA SD METROPOL),JH JL. PEGANGSAAN TIMUR DAN PULAU-PULAU (BAWAH REL KA CIKINI DEPAN MEGARIA SD METROPOL),JALUR HIJAU,221.0,-6.2019499,106.8474914,kelurahan,"Pegangsaan, Menteng, Jakarta Pusat",boundary/administrative,Pegangsaan
MENTENG,DKI1 Bundaran HI,60,GONDANGDIA,TAMAN SEGITIGA LOMBOK,TAMAN SEGITIGA LOMBOK,JALUR HIJAU,219.7,-6.1911755,106.8293576,kelurahan,"Gondangdia, Menteng, Jakarta Pusat",boundary/administrative,Gondangdia
MENTENG,DKI1 Bundaran HI,61,GONDANGDIA,TAMAN SEGITIGA MALUKU,TAMAN SEGITIGA MALUKU,JALUR HIJAU,211.5,-6.1911755,106.8293576,kelurahan,"Gondangdia, Menteng, Jakarta Pusat",boundary/administrative,Gondangdia
MENTENG,DKI1 Bundaran HI,62,GONDANGDIA,TAMAN SEGITIGA CEMARA,TAMAN SEGITIGA CEMARA,JALUR HIJAU,168.2,-6.1911755,106.8293576,kelurahan,"Gondangdia, Menteng, Jakarta Pusat",boundary/administrative,Gondangdia
MENTENG,DKI1 Bundaran HI,63,GONDANGDIA,TAMAN SEGITIGA SUMATRA,TAMAN SEGITIGA SUMATRA,JALUR HIJAU,165.2,-6.1911755,106.8293576,kelurahan,"Gondangdia, Menteng, Jakarta Pusat",boundary/administrative,Gondangdia
MENTENG,DKI1 Bundaran HI,64,PEGANGSAAN,TAMAN SEGITIGA MATRAMAN (TAMBAK),TAMAN SEGITIGA MATRAMAN (TAMBAK),JALUR HIJAU,162.6,-6.2019499,106.8474914,kelurahan,"Pegangsaan, Menteng, Jakarta Pusat",boundary/administrative,Pegangsaan
MENTENG,DKI1 Bundaran HI,65,GONDANGDIA,TAMAN SEGITIGA AGUS SALIM,TAMAN SEGITIGA AGUS SALIM,JALUR HIJAU,138.3,-6.1911755,106.8293576,kelurahan,"Gondangdia, Menteng, Jakarta Pusat",boundary/administrative,Gondangdia
MENTENG,DKI1 Bundaran HI,66,CIKINI,JH JL. RADEN SALEH (AMENITIES TROTOAR DAN SEGITIGA),JH JL. RADEN SALEH (AMENITIES TROTOAR DAN SEGITIGA),JALUR HIJAU,111.2,-6.1913465,106.8395502,kelurahan,"Cikini, Menteng, Jakarta Pusat",boundary/administrative,Cikini
MENTENG,DKI1 Bundaran HI,67,MENTENG,TAMAN SEGITIGA SUKABUMI (POS JAGA),TAMAN SEGITIGA SUKABUMI (POS JAGA),JALUR HIJAU,108.2,-6.2010459,106.8352111,kelurahan,"Menteng, Menteng, Jakarta Pusat",boundary/administrative,Menteng
MENTENG,DKI1 Bundaran HI,68,KEBON SIRIH,JH JL. SRIKAYA (BAWAH REL KERETA),JH JL. SRIKAYA (BAWAH REL KERETA),JALUR HIJAU,99.7,-6.1850822,106.8311054,kelurahan,"Kebon Sirih, Menteng, Jakarta Pusat",boundary/administrative,Kebon Sirih
MENTENG,DKI1 Bundaran HI,69,GONDANGDIA,TAMAN SEGITIGA SAM RATULANGI UJUNG,TAMAN SEGITIGA SAM RATULANGI UJUNG,JALUR HIJAU,77.7,-6.1911755,106.8293576,kelurahan,"Gondangdia, Menteng, Jakarta Pusat",boundary/administrative,Gondangdia
MENTENG,DKI1 Bundaran HI,70,,SEGITIGA PULAU JL. IMAM BONJOL DAN BAK-BAK DEPAN KEDUBES THAILAND,SEGITIGA PULAU JL. IMAM BONJOL DAN BAK-BAK DEPAN KEDUBES THAILAND,JALUR HIJAU,65.0,,,gagal,,,
MENTENG,DKI1 Bundaran HI,71,,FLY OVER LATUHARHARI (ATAS),FLY OVER LATUHARHARI (ATAS),JALUR HIJAU,62.0,,,gagal,,,
MENTENG,DKI1 Bundaran HI,72,KEBON SIRIH,TAMAN SEGITIGA SRIKAYA,TAMAN SEGITIGA SRIKAYA,JALUR HIJAU,61.0,-6.1850822,106.8311054,kelurahan,"Kebon Sirih, Menteng, Jakarta Pusat",boundary/administrative,Kebon Sirih
MENTENG,DKI1 Bundaran HI,73,,TAMAN SEGITIGA MEGARIA,TAMAN SEGITIGA MEGARIA,JALUR HIJAU,50.0,,,gagal,,,
MENTENG,DKI1 Bundaran HI,74,PASAR BARU,TAMAN SEGITIGA JL. BOROBUDUR UJUNG,JL. BOROBUDUR UJUNG,JALUR HIJAU,41.2,,,gagal,,,
MENTENG,DKI1 Bundaran HI,75,KEBON SIRIH,BAK-BAK PATUNG TANI,BAK-BAK PATUNG TANI,JALUR HIJAU,32.0,-6.1850822,106.8311054,kelurahan,"Kebon Sirih, Menteng, Jakarta Pusat",boundary/administrative,Kebon Sirih
MENTENG,DKI1 Bundaran HI,76,MENTENG,FLY OVER LATUHARHARI (ATAS),FLY OVER LATUHARHARI (ATAS),JALUR HIJAU,23.0,-6.2010459,106.8352111,kelurahan,"Menteng, Menteng, Jakarta Pusat",boundary/administrative,Menteng
KELAPA GADING,DKI2 Kelapa Gading,1,KELAPA GADING BARAT,JH. JL. YOS SUDARSO SISI TIMUR,JH. JL. YOS SUDARSO SISI TIMUR,JALUR HIJAU,18000.0,-6.1556025,106.8951708,kelurahan,"Kelapa Gading Barat, Kelapa Gading, Jakarta Utara",boundary/administrative,Kelapa Gading Barat
KELAPA GADING,DKI2 Kelapa Gading,2,PEGANGSAAN DUA,KEBUN BIBIT KELAPA GADING,"RT.10/RW.15, PEGANGSAAN DUA, KELAPA GADING, JAKARTA UTARA",TAMAN,11546.1,-6.1438083,106.9116527,manual,manual: Google Maps,,
KELAPA GADING,DKI2 Kelapa Gading,3,KELAPA GADING BARAT,JH. JL. PERINTIS KEMERDEKAAN SISI UTARA,JH. JL. PERINTIS KEMERDEKAAN SISI UTARA,JALUR HIJAU,11490.0,-6.1556025,106.8951708,kelurahan,"Kelapa Gading Barat, Kelapa Gading, Jakarta Utara",boundary/administrative,Kelapa Gading Barat
KELAPA GADING,DKI2 Kelapa Gading,4,KELAPA GADING TIMUR,JH. MEDIAN JL. PERINTIS KEMERDEKAAN,JH. MEDIAN JL. PERINTIS KEMERDEKAAN,JALUR HIJAU,10325.0,-6.1682935,106.9042145,kelurahan,"Kelapa Gading Timur, Kelapa Gading, Jakarta Utara",boundary/administrative,Kelapa Gading Timur
KELAPA GADING,DKI2 Kelapa Gading,5,PEGANGSAAN DUA,JH. JL. ARTERI KELAPA GADING,JH. JL. ARTERI KELAPA GADING,JALUR HIJAU,8713.4,-6.1626344,106.9158465,kelurahan,"Pegangsaan Dua, Kelapa Gading, Jakarta Utara",boundary/administrative,Pegangsaan Dua
KELAPA GADING,DKI2 Kelapa Gading,6,PEGANGSAAN DUA,TAMAN RW 014 (GADING ASRI 2),JL. GADING ASRI 2,TAMAN,8500.0,-6.1527104,106.912568,jalan,"Jalan GADING ASRI 2, Jakarta Utara",highway/residential,Jalan Gading Asri IV
KELAPA GADING,DKI2 Kelapa Gading,7,PEGANGSAAN DUA,JH. JL. PEGANGSAAN DUA,JH. JL. PEGANGSAAN DUA,JALUR HIJAU,7248.4,-6.1626344,106.9158465,kelurahan,"Pegangsaan Dua, Kelapa Gading, Jakarta Utara",boundary/administrative,Pegangsaan Dua
KELAPA GADING,DKI2 Kelapa Gading,8,KELAPA GADING TIMUR,GOR YUDO,"JALAN KELAPA PUAN RAYA BLOK EF 1 NO.1, KELAPA GADING, RW.13, KLP. GADING TIM., JAKARTA UTARA, JKT UTARA, DAERAH KHUSUS IBUKOTA JAKARTA 14240",TAMAN,6750.0,-6.1682935,106.9042145,kelurahan,"Kelapa Gading Timur, Kelapa Gading, Jakarta Utara",boundary/administrative,Kelapa Gading Timur
KELAPA GADING,DKI2 Kelapa Gading,9,KELAPA GADING BARAT,JH. JL. BGR I,JH. JL. BGR I,JALUR HIJAU,6485.5,-6.1556025,106.8951708,kelurahan,"Kelapa Gading Barat, Kelapa Gading, Jakarta Utara",boundary/administrative,Kelapa Gading Barat
KELAPA GADING,DKI2 Kelapa Gading,10,KELAPA GADING TIMUR,TAMAN JALAN PELEPAH INDAH,"JL. PELEPAH INDAH, KELAPA GADING TIMUR",TAMAN,5970.0,-6.1561013,106.9049632,jalan,"Jalan PELEPAH INDAH, KELAPA GADING TIMUR, Jakarta Utara",highway/residential,Jalan Raya Pelepah Indah
KELAPA GADING,DKI2 Kelapa Gading,11,PEGANGSAAN DUA,RPTRA GADING HIBRIDA,"JL. KELAPA HYBRIDA TIMUR, RT.10/RW.3, PEGANGSAAN DUA, KEC. KLP. GADING, JKT UTARA, DAERAH KHUSUS IBUKOTA JAKARTA 14250",TAMAN,5200.0,-6.1626344,106.9158465,kelurahan,"Pegangsaan Dua, Kelapa Gading, Jakarta Utara",boundary/administrative,Pegangsaan Dua
KELAPA GADING,DKI2 Kelapa Gading,12,PEGANGSAAN DUA,RTH JL. PEGANGSAAN DUA RT. 002 RW. 002,JL. PEGANGSAAN DUA RT. 002 RW. 002,TAMAN,5191.0,-6.1430563,106.9144807,jalan,"Jalan PEGANGSAAN DUA, Jakarta Utara",highway/secondary,Jalan Pegangsaan Dua
KELAPA GADING,DKI2 Kelapa Gading,13,PEGANGSAAN DUA,"RPTRA KELAPA NIAS IX, RT. 09 RW. 17","JL. KELAPA NIAS IX NO.9, RT.7/RW.17, PEGANGSAAN DUA, KEC. KLP. GADING, JKT UTARA, DAERAH KHUSUS IBUKOTA JAKARTA 14250",TAMAN,5069.0,-6.1511519,106.9128208,objek,"RPTRA KELAPA NIAS IX, Pegangsaan Dua, Kelapa Gading, Jakarta Utara",landuse/recreation_ground,RPTRA Kelapa Nias IX
KELAPA GADING,DKI2 Kelapa Gading,14,KELAPA GADING TIMUR,JH. JL. PERINTIS KEMERDEKAAN SISI UTARA S/D TERMINAL PULO GADUNG,JH. JL. PERINTIS KEMERDEKAAN SISI UTARA S/D TERMINAL PULO GADUNG,JALUR HIJAU,4500.8,-6.1682935,106.9042145,kelurahan,"Kelapa Gading Timur, Kelapa Gading, Jakarta Utara",boundary/administrative,Kelapa Gading Timur
KELAPA GADING,DKI2 Kelapa Gading,15,PEGANGSAAN DUA,RPTRA NKRI,"JL. GADING INDAH UTARA X NO.12A, RT.27/RW.12, PEGANGSAAN DUA, KEC. KLP. GADING, JKT UTARA, DAERAH KHUSUS IBUKOTA JAKARTA 14250",TAMAN,4468.9,-6.1626344,106.9158465,kelurahan,"Pegangsaan Dua, Kelapa Gading, Jakarta Utara",boundary/administrative,Pegangsaan Dua
KELAPA GADING,DKI2 Kelapa Gading,16,KELAPA GADING BARAT,JH. JL. PELEPAH RAYA,JH. JL. PELEPAH RAYA,JALUR HIJAU,4371.2,-6.1556025,106.8951708,kelurahan,"Kelapa Gading Barat, Kelapa Gading, Jakarta Utara",boundary/administrative,Kelapa Gading Barat
KELAPA GADING,DKI2 Kelapa Gading,17,KELAPA GADING BARAT,TAMAN TELUK RATAI RAYA,"JL. PENYENGAT 4 NO.23, RT.3/RW.3, WEST KELAPA GADING, KELAPA GADING, NORTH JAKARTA CITY, JAKARTA 14240",TAMAN,3892.0,-6.162572,106.890129,objek,"TAMAN TELUK RATAI RAYA, Kelapa Gading Barat, Kelapa Gading, Jakarta Utara",leisure/park,Taman Teluk Ratai
KELAPA GADING,DKI2 Kelapa Gading,18,PEGANGSAAN DUA,JH. JL. KELAPA NIAS RAYA,JH. JL. KELAPA NIAS RAYA,JALUR HIJAU,3462.8,-6.1626344,106.9158465,kelurahan,"Pegangsaan Dua, Kelapa Gading, Jakarta Utara",boundary/administrative,Pegangsaan Dua
KELAPA GADING,DKI2 Kelapa Gading,19,KELAPA GADING TIMUR,TAMAN RW 13 KELAPA CENGKIR,"JL. KELAPA CENGKIR BARAT IV, KELAPA GADING TIMUR",TAMAN,3444.0,-6.1654058,106.9042442,jalan,"Jalan KELAPA CENGKIR BARAT IV, KELAPA GADING TIMUR, Jakarta Utara",highway/residential,Jalan Kelapa Cengkir Barat IV
KELAPA GADING,DKI2 Kelapa Gading,20,KELAPA GADING BARAT,TAMAN TOYOTA,TAMAN TOYOTA KEL. GADING BARAT KEC. KELAPA GADING,TAMAN,3357.5,-6.1556025,106.8951708,kelurahan,"Kelapa Gading Barat, Kelapa Gading, Jakarta Utara",boundary/administrative,Kelapa Gading Barat
KELAPA GADING,DKI2 Kelapa Gading,21,KELAPA GADING TIMUR,TAMAN JANUR KUNING III KANTOR RW 015,TAMAN JANUR KUNING III KANTOR RW 015 KEL. GADING TIMUR KEC. KELAPA GADING,TAMAN,3300.0,-6.1682935,106.9042145,kelurahan,"Kelapa Gading Timur, Kelapa Gading, Jakarta Utara",boundary/administrative,Kelapa Gading Timur
KELAPA GADING,DKI2 Kelapa Gading,22,KELAPA GADING BARAT,JH. MEDIAN JL. PERINTIS KEMERDEKAAN,JH. MEDIAN JL. PERINTIS KEMERDEKAAN,JALUR HIJAU,3150.6,-6.1556025,106.8951708,kelurahan,"Kelapa Gading Barat, Kelapa Gading, Jakarta Utara",boundary/administrative,Kelapa Gading Barat
KELAPA GADING,DKI2 Kelapa Gading,23,KELAPA GADING TIMUR,RPTRA BIRU LAUT KOMP. PERUMAHAN,"JL. MERAH DELIMA 5-24, RT.9/RW.10, KLP. GADING TIM., KEC. KLP. GADING, JKT UTARA, DAERAH KHUSUS IBUKOTA JAKARTA 14240",TAMAN,2760.0,-6.1682935,106.9042145,kelurahan,"Kelapa Gading Timur, Kelapa Gading, Jakarta Utara",boundary/administrative,Kelapa Gading Timur
KELAPA GADING,DKI2 Kelapa Gading,24,KELAPA GADING BARAT,JH. JL. BOULEVARD BARAT,JH. JL. BOULEVARD BARAT,JALUR HIJAU,2651.4,-6.1556025,106.8951708,kelurahan,"Kelapa Gading Barat, Kelapa Gading, Jakarta Utara",boundary/administrative,Kelapa Gading Barat
KELAPA GADING,DKI2 Kelapa Gading,25,PEGANGSAAN DUA,TAMAN INDAH BERSAMA,"KAMPUNG RAWA INDAH RT. 003 RW. 003 KEL. PEGANGSAAN DUA, KEC. KEPALA GADING, JAKARTA UTARA",TAMAN,2357.0,-6.1626344,106.9158465,kelurahan,"Pegangsaan Dua, Kelapa Gading, Jakarta Utara",boundary/administrative,Pegangsaan Dua
KELAPA GADING,DKI2 Kelapa Gading,26,PEGANGSAAN DUA,KOLONG LRT KELAPA GADING,KOLONG LRT KELAPA GADING,JALUR HIJAU,2268.0,-6.1626344,106.9158465,kelurahan,"Pegangsaan Dua, Kelapa Gading, Jakarta Utara",boundary/administrative,Pegangsaan Dua
KELAPA GADING,DKI2 Kelapa Gading,27,PEGANGSAAN DUA,JH. JL. TOROMPIO S/D JL. ACCORDION,JH. JL. TOROMPIO S/D JL. ACCORDION,JALUR HIJAU,2046.5,-6.1626344,106.9158465,kelurahan,"Pegangsaan Dua, Kelapa Gading, Jakarta Utara",boundary/administrative,Pegangsaan Dua
KELAPA GADING,DKI2 Kelapa Gading,28,KELAPA GADING BARAT,TAMAN JALAN PRIHATIN RW 02,"JL. PRIHATIN RW 02, KELAPA GADING, JAKARTA UTARA",TAMAN,2000.0,-6.1648924,106.8832008,jalan,"Jalan PRIHATIN, KELAPA GADING, JAKARTA UTARA",highway/residential,Jalan Prihatin
KELAPA GADING,DKI2 Kelapa Gading,29,PEGANGSAAN DUA,RPTRA HAJI OYAR,"JL. H. OYAR NO.75, RT.2/RW.2, PEGANGSAAN DUA, KEC. KLP. GADING, JKT UTARA, DAERAH KHUSUS IBUKOTA JAKARTA 14250",TAMAN,2000.0,-6.1626344,106.9158465,kelurahan,"Pegangsaan Dua, Kelapa Gading, Jakarta Utara",boundary/administrative,Pegangsaan Dua
KELAPA GADING,DKI2 Kelapa Gading,30,KELAPA GADING BARAT,TAMAN SIAGA RW 03,TAMAN SIAGA RW 03 KEL. GADING BARAT KEC. KELAPA GADING,TAMAN,1978.6,-6.1556025,106.8951708,kelurahan,"Kelapa Gading Barat, Kelapa Gading, Jakarta Utara",boundary/administrative,Kelapa Gading Barat
KELAPA GADING,DKI2 Kelapa Gading,31,KELAPA GADING TIMUR,TAMAN ARUMBA,JL. MANDOLIN,TAMAN,1878.6,-6.1752033,106.9103845,jalan,"Jalan MANDOLIN, Jakarta Utara",highway/residential,Jalan Mandolin
KELAPA GADING,DKI2 Kelapa Gading,32,KELAPA GADING TIMUR,TAMAN JL. GADING ELOK RW 09 (KOPYOR),JL. GADING ELOK RW 09,TAMAN,1800.0,-6.1651644,106.9060401,jalan,"Jalan GADING ELOK, Jakarta Utara",highway/tertiary,Jalan Gading Elok Utara
KELAPA GADING,DKI2 Kelapa Gading,33,KELAPA GADING TIMUR,TAMAN GADING PUTIH,"JL. GADING PUTIH RW. 02, KELAPA GADING TIMUR",TAMAN,1650.0,-6.1667161,106.8804393,jalan,"Jalan GADING PUTIH, KELAPA GADING TIMUR, Jakarta Utara",highway/trunk,Jalan Perintis Kemerdekaan
KELAPA GADING,DKI2 Kelapa Gading,34,PEGANGSAAN DUA,RPTRA KELAPA PUAN,"JL. KELAPA PUAN TIMUR V NO.12A, RT.5/RW.12, PEGANGSAAN DUA, KEC. KLP. GADING, JKT UTARA, DAERAH KHUSUS IBUKOTA JAKARTA 14250",TAMAN,1650.0,-6.1615875,106.9119569,objek,"RPTRA KELAPA PUAN, Pegangsaan Dua, Kelapa Gading, Jakarta Utara",leisure/park,RPTRA Kelapa Puan
KELAPA GADING,DKI2 Kelapa Gading,35,PEGANGSAAN DUA,RPTRA GRIYA PRATAMA,"JL. GRIYA PRATAMA VII NO.1, RT.8/RW.20, PEGANGSAAN DUA, KELAPA GADING, NORTH JAKARTA CITY, JAKARTA 14240",TAMAN,1625.0,-6.1732722,106.9128566,objek,"RPTRA GRIYA PRATAMA, Pegangsaan Dua, Kelapa Gading, Jakarta Utara",leisure/park,RPTRA Griya Pratama
KELAPA GADING,DKI2 Kelapa Gading,36,KELAPA GADING TIMUR,TAMAN RW 11 (TAMAN JL. CENGKIR RW 11),"JL. KELAPA CENGKIR BARAT IV 11, RT.5/RW.11, KLP. GADING TIM., KEC. KLP. GADING, JKT UTARA, DAERAH KHUSUS IBUKOTA JAKARTA 14240",TAMAN,1600.0,-6.1682935,106.9042145,kelurahan,"Kelapa Gading Timur, Kelapa Gading, Jakarta Utara",boundary/administrative,Kelapa Gading Timur
KELAPA GADING,DKI2 Kelapa Gading,37,KELAPA GADING TIMUR,RPTRA GADING TARIAN,"JL. SERIMPI, RT.6/RW.7, KLP. GADING TIM., KEC. KLP. GADING, JKT UTARA, DAERAH KHUSUS IBUKOTA JAKARTA 14240",TAMAN,1574.6,-6.1682935,106.9042145,kelurahan,"Kelapa Gading Timur, Kelapa Gading, Jakarta Utara",boundary/administrative,Kelapa Gading Timur
KELAPA GADING,DKI2 Kelapa Gading,38,KELAPA GADING TIMUR,RPTRA GADING HARMONI,"JL. JANUR KUNING III, RT.9/RW.15, KLP. GADING TIM., KEC. KLP. GADING, JKT UTARA, DAERAH KHUSUS IBUKOTA JAKARTA 14240",TAMAN,1561.3,-6.1682935,106.9042145,kelurahan,"Kelapa Gading Timur, Kelapa Gading, Jakarta Utara",boundary/administrative,Kelapa Gading Timur
KELAPA GADING,DKI2 Kelapa Gading,39,KELAPA GADING BARAT,TAMAN BAHARIWAN (TAMAN SEKAR GADING),"JL. GADING RAYA NO.1, RT.1/RW.5, KLP. GADING BAR., KEC. KLP. GADING, JKT UTARA, DAERAH KHUSUS IBUKOTA JAKARTA 13230",TAMAN,1500.0,-6.1556025,106.8951708,kelurahan,"Kelapa Gading Barat, Kelapa Gading, Jakarta Utara",boundary/administrative,Kelapa Gading Barat
KELAPA GADING,DKI2 Kelapa Gading,40,KELAPA GADING TIMUR,TAMAN MARAMBA,JL. MARAMBA,TAMAN,1375.0,-6.1763375,106.9075857,jalan,"Jalan MARAMBA, Jakarta Utara",highway/residential,Jalan Maramba
KELAPA GADING,DKI2 Kelapa Gading,41,KELAPA GADING TIMUR,JL. BOULEVARD RAYA,JL. BOULEVARD RAYA,JALUR HIJAU,1280.0,-6.1702586,106.8993859,jalan,"Jalan BOULEVARD RAYA, Jakarta Utara",highway/secondary,Jalan Boulevard Raya
KELAPA GADING,DKI2 Kelapa Gading,42,KELAPA GADING BARAT,TAMAN PALEM RW. 06,TAMAN PALEM RW 06 KEL GADING BARAT KEC. KELAPA GADING,TAMAN,1275.0,-6.1556025,106.8951708,kelurahan,"Kelapa Gading Barat, Kelapa Gading, Jakarta Utara",boundary/administrative,Kelapa Gading Barat
KELAPA GADING,DKI2 Kelapa Gading,43,PEGANGSAAN DUA,TAMAN KELAPA PUAN I,"JL. KELAPA PUAN TIMUR I 26-22, RT.1/RW.12, PEGANGSAAN DUA, KEC. KLP. GADING, JKT UTARA, DAERAH KHUSUS IBUKOTA JAKARTA 14250",TAMAN,1241.1,-6.1626344,106.9158465,kelurahan,"Pegangsaan Dua, Kelapa Gading, Jakarta Utara",boundary/administrative,Pegangsaan Dua
KELAPA GADING,DKI2 Kelapa Gading,44,KELAPA GADING TIMUR,RPTRA DEWI SINTA,"JL. DEWI SHINTA NO.2, RT.2/RW.8, KLP. GADING TIM., KEC. KLP. GADING, JKT UTARA, DAERAH KHUSUS IBUKOTA JAKARTA 14240",TAMAN,1200.0,-6.1682935,106.9042145,kelurahan,"Kelapa Gading Timur, Kelapa Gading, Jakarta Utara",boundary/administrative,Kelapa Gading Timur
KELAPA GADING,DKI2 Kelapa Gading,45,PEGANGSAAN DUA,TAMAN SULUANG,"JL. SULUANG, RT.5/RW.7, PEGANGSAAN DUA, KEC. KLP. GADING, JKT UTARA, DAERAH KHUSUS IBUKOTA JAKARTA 14240",TAMAN,1200.0,-6.1626344,106.9158465,kelurahan,"Pegangsaan Dua, Kelapa Gading, Jakarta Utara",boundary/administrative,Pegangsaan Dua
KELAPA GADING,DKI2 Kelapa Gading,46,KELAPA GADING BARAT,"PERUM. VILLA GADING INDAH BLOK T5, KEL. KELAPA GADING BARAT","PERUM. VILLA GADING INDAH BLOK T5, KEL. KELAPA GADING BARAT",TAMAN,1160.0,-6.1556025,106.8951708,kelurahan,"Kelapa Gading Barat, Kelapa Gading, Jakarta Utara",boundary/administrative,Kelapa Gading Barat
KELAPA GADING,DKI2 Kelapa Gading,47,KELAPA GADING BARAT,"PERUM. VILLA GADING INDAH BLOK T10, KEL. KELAPA GADING BARAT","PERUM. VILLA GADING INDAH BLOK T10, KEL. KELAPA GADING BARAT",TAMAN,1160.0,-6.1556025,106.8951708,kelurahan,"Kelapa Gading Barat, Kelapa Gading, Jakarta Utara",boundary/administrative,Kelapa Gading Barat
KELAPA GADING,DKI2 Kelapa Gading,48,PEGANGSAAN DUA,TAMAN RW 025 (GADING GRANDE),TAMAN GRANDE PEGANGSAAN DUA KELAPA GADING,TAMAN,1000.0,-6.1597712,106.9162694,objek,"TAMAN GRANDE PEGANGSAAN DUA KELAPA GADING, Jakarta Utara",leisure/park,Taman Gading Grande
KELAPA GADING,DKI2 Kelapa Gading,49,PEGANGSAAN DUA,TAMAN ACORDION KEC. KELAPA GADING,"JL. ACORDION , RT.1/RW.20, PEGANGSAAN DUA, KEC. KLP. GADING, JKT UTARA, DAERAH KHUSUS IBUKOTA JAKARTA 14250",TAMAN,1000.0,-6.1626344,106.9158465,kelurahan,"Pegangsaan Dua, Kelapa Gading, Jakarta Utara",boundary/administrative,Pegangsaan Dua
KELAPA GADING,DKI2 Kelapa Gading,50,PEGANGSAAN DUA,RPTRA BELLYRA,"JL TASKA RW 010, KLP. GADING, KOTA JKT UTARA, KLP. GADING, KOTA JKT UTARA, RT.5/RW.2, PEGANGSAAN DUA, KEC. KLP. GADING, JKT UTARA, DAERAH KHUSUS IBUKOTA JAKARTA 14250",TAMAN,930.0,-6.1688973,106.9117964,objek,"RPTRA BELLYRA, Pegangsaan Dua, Kelapa Gading, Jakarta Utara",landuse/recreation_ground,RPTRA Bellyra
KELAPA GADING,DKI2 Kelapa Gading,51,PEGANGSAAN DUA,TAMAN BONGO IV,JL. BONGO IV,TAMAN,804.0,-6.1709959,106.9105769,jalan,"Jalan BONGO IV, Jakarta Utara",highway/residential,Jalan Bongo Raya
KELAPA GADING,DKI2 Kelapa Gading,52,PEGANGSAAN DUA,RPTRA PONDOK GADING,"JL. PEGANGSAAN INDAH BAR. NO.5, RT.3/RW.16, PEGANGSAAN DUA, KEC. KLP. GADING, JKT UTARA, DAERAH KHUSUS IBUKOTA JAKARTA 14250",TAMAN,727.8,-6.1626344,106.9158465,kelurahan,"Pegangsaan Dua, Kelapa Gading, Jakarta Utara",boundary/administrative,Pegangsaan Dua
KELAPA GADING,DKI2 Kelapa Gading,53,PEGANGSAAN DUA,JL KELAPA HIBRIDA,JL KELAPA HIBRIDA,JALUR HIJAU,720.0,-6.1445817,106.9035439,jalan,"Jalan KELAPA HIBRIDA, Jakarta Utara",highway/residential,Jalan Kelapa Hibrida Raya
KELAPA GADING,DKI2 Kelapa Gading,54,KELAPA GADING TIMUR,TAMAN GADING INDAH,JL. TAMAN GADING INDAH,TAMAN,606.2,-6.1761007,106.9036246,objek,"TAMAN GADING INDAH, Kelapa Gading Timur, Kelapa Gading, Jakarta Utara",leisure/park,Taman Gading Indah
KELAPA GADING,DKI2 Kelapa Gading,55,PEGANGSAAN DUA,TAMAN SIMPONI MAS / LUMBINI,JL. LUMBINI,TAMAN,600.0,-6.1712821,106.912422,jalan,"Jalan LUMBINI, Jakarta Utara",highway/residential,Jalan Taman Lumbini I
KELAPA GADING,DKI2 Kelapa Gading,56,PEGANGSAAN DUA,TAMAN PUSPA GADING,PERUMAHAN PUSPA GADING JALAN PEGANGSAAN INDAH BARAT,TAMAN,566.1,-6.1658512,106.9110547,jalan,"TAMAN PUSPA GADING, Pegangsaan Dua, Kelapa Gading, Jakarta Utara",highway/residential,Jalan Taman Puspa
KELAPA GADING,DKI2 Kelapa Gading,57,PEGANGSAAN DUA,TAMAN MUSIK RAYA,"JL. MUSIK RAYA, RT.7/RW.10, PEGANGSAAN DUA, KEC. KLP. GADING, JKT UTARA, DAERAH KHUSUS IBUKOTA JAKARTA 14250",TAMAN,500.0,-6.1626344,106.9158465,kelurahan,"Pegangsaan Dua, Kelapa Gading, Jakarta Utara",boundary/administrative,Pegangsaan Dua
KELAPA GADING,DKI2 Kelapa Gading,58,PEGANGSAAN DUA,TAMAN TROMPIO KEC. KELAPA GADING,"JL. SULUANG, RT.5/RW.7, PEGANGSAAN DUA, KEC. KLP. GADING, JKT UTARA, DAERAH KHUSUS IBUKOTA JAKARTA 14240",TAMAN,500.0,-6.1626344,106.9158465,kelurahan,"Pegangsaan Dua, Kelapa Gading, Jakarta Utara",boundary/administrative,Pegangsaan Dua
KELAPA GADING,DKI2 Kelapa Gading,59,KELAPA GADING TIMUR,TAMAN TOPENG,JL. BANGUN CIPTA SARANA - JL. TOPENG,TAMAN,498.0,-6.1682935,106.9042145,kelurahan,"Kelapa Gading Timur, Kelapa Gading, Jakarta Utara",boundary/administrative,Kelapa Gading Timur
KELAPA GADING,DKI2 Kelapa Gading,60,KELAPA GADING BARAT,TAMAN JALAN SENTOSA RW 10,"JL. SENTOSA RW 10, KELAPA GADING BARAT",TAMAN,487.1,-6.1631212,106.8883193,jalan,"Jalan SENTOSA, KELAPA GADING BARAT, Jakarta Utara",highway/residential,Jalan Sentosa Barat I
KELAPA GADING,DKI2 Kelapa Gading,61,KELAPA GADING BARAT,TAMAN BGR,TAMAN BGR KEL. GADING BARAT KEC. KELAPA GADING,TAMAN,477.7,-6.1556025,106.8951708,kelurahan,"Kelapa Gading Barat, Kelapa Gading, Jakarta Utara",boundary/administrative,Kelapa Gading Barat
KELAPA GADING,DKI2 Kelapa Gading,62,KELAPA GADING TIMUR,TAMAN MAENGKET,"JL. MAENGKET, KELAPA GADING TIMUR",TAMAN,457.7,-6.1729359,106.9080921,jalan,"Jalan MAENGKET, KELAPA GADING TIMUR, Jakarta Utara",highway/residential,Jalan Maengket
KELAPA GADING,DKI2 Kelapa Gading,63,KELAPA GADING BARAT,"PERUM. VILLA GADING INDAH BLOK T3, KEL. KELAPA GADING BARAT","PERUM. VILLA GADING INDAH BLOK T3, KEL. KELAPA GADING BARAT",TAMAN,450.0,-6.1556025,106.8951708,kelurahan,"Kelapa Gading Barat, Kelapa Gading, Jakarta Utara",boundary/administrative,Kelapa Gading Barat
KELAPA GADING,DKI2 Kelapa Gading,64,KELAPA GADING BARAT,"PERUM. VILLA GADING INDAH BLOK T6, KEL. KELAPA GADING BARAT","PERUM. VILLA GADING INDAH BLOK T6, KEL. KELAPA GADING BARAT",TAMAN,445.0,-6.1556025,106.8951708,kelurahan,"Kelapa Gading Barat, Kelapa Gading, Jakarta Utara",boundary/administrative,Kelapa Gading Barat
KELAPA GADING,DKI2 Kelapa Gading,65,KELAPA GADING BARAT,"PERUM. VILLA GADING INDAH BLOK T8, KEL. KELAPA GADING BARAT","PERUM. VILLA GADING INDAH BLOK T8, KEL. KELAPA GADING BARAT",TAMAN,440.0,-6.1556025,106.8951708,kelurahan,"Kelapa Gading Barat, Kelapa Gading, Jakarta Utara",boundary/administrative,Kelapa Gading Barat
KELAPA GADING,DKI2 Kelapa Gading,66,KELAPA GADING BARAT,"PERUM. VILLA GADING INDAH BLOK T9, KEL. KELAPA GADING BARAT","PERUM. VILLA GADING INDAH BLOK T9, KEL. KELAPA GADING BARAT",TAMAN,440.0,-6.1556025,106.8951708,kelurahan,"Kelapa Gading Barat, Kelapa Gading, Jakarta Utara",boundary/administrative,Kelapa Gading Barat
KELAPA GADING,DKI2 Kelapa Gading,67,KELAPA GADING BARAT,RPTRA KITA BERSAUDARA,"JL. JANUR ELOK VII NO.RT.12, RT.12/RW.11, KLP. GADING BAR., KEC. KLP. GADING, JKT UTARA, DAERAH KHUSUS IBUKOTA JAKARTA 14240",TAMAN,438.0,-6.1556025,106.8951708,kelurahan,"Kelapa Gading Barat, Kelapa Gading, Jakarta Utara",boundary/administrative,Kelapa Gading Barat
KELAPA GADING,DKI2 Kelapa Gading,68,KELAPA GADING BARAT,"PERUM. VILLA GADING INDAH BLOK T4, KEL. KELAPA GADING BARAT","PERUM. VILLA GADING INDAH BLOK T4, KEL. KELAPA GADING BARAT",TAMAN,435.0,-6.1556025,106.8951708,kelurahan,"Kelapa Gading Barat, Kelapa Gading, Jakarta Utara",boundary/administrative,Kelapa Gading Barat
KELAPA GADING,DKI2 Kelapa Gading,69,KELAPA GADING BARAT,"PERUM. VILLA GADING INDAH BLOK T7, KEL. KELAPA GADING BARAT","PERUM. VILLA GADING INDAH BLOK T7, KEL. KELAPA GADING BARAT",TAMAN,435.0,-6.1556025,106.8951708,kelurahan,"Kelapa Gading Barat, Kelapa Gading, Jakarta Utara",boundary/administrative,Kelapa Gading Barat
KELAPA GADING,DKI2 Kelapa Gading,70,KELAPA GADING BARAT,"PERUM. VILLA GADING INDAH BLOK T11, KEL. KELAPA GADING BARAT","PERUM. VILLA GADING INDAH BLOK T11, KEL. KELAPA GADING BARAT",TAMAN,435.0,-6.1556025,106.8951708,kelurahan,"Kelapa Gading Barat, Kelapa Gading, Jakarta Utara",boundary/administrative,Kelapa Gading Barat
KELAPA GADING,DKI2 Kelapa Gading,71,KELAPA GADING BARAT,"PERUM. VILLA GADING INDAH BLOK T12, KEL. KELAPA GADING BARAT","PERUM. VILLA GADING INDAH BLOK T12, KEL. KELAPA GADING BARAT",TAMAN,430.0,-6.1556025,106.8951708,kelurahan,"Kelapa Gading Barat, Kelapa Gading, Jakarta Utara",boundary/administrative,Kelapa Gading Barat
KELAPA GADING,DKI2 Kelapa Gading,72,KELAPA GADING BARAT,"PERUM. VILLA GADING INDAH BLOK T14, KEL. KELAPA GADING BARAT","PERUM. VILLA GADING INDAH BLOK T14, KEL. KELAPA GADING BARAT",TAMAN,410.0,-6.1556025,106.8951708,kelurahan,"Kelapa Gading Barat, Kelapa Gading, Jakarta Utara",boundary/administrative,Kelapa Gading Barat
KELAPA GADING,DKI2 Kelapa Gading,73,KELAPA GADING TIMUR,TAMAN LELE RW 06 (PELEPAH ELOK),"JL. PELEPAH ELOK III, KELAPA GADING TIMUR",TAMAN,400.0,-6.1682935,106.9042145,kelurahan,"Kelapa Gading Timur, Kelapa Gading, Jakarta Utara",boundary/administrative,Kelapa Gading Timur
KELAPA GADING,DKI2 Kelapa Gading,74,PEGANGSAAN DUA,RTH JL. PEGANGSAAN DUA NO. 68 B RT.003 RW.07,JL. PEGANGSAAN DUA NO. 68 B RT.003 RW.07,TAMAN,400.0,-6.1493307,106.9113564,jalan,"Jalan PEGANGSAAN DUA NO. 68 B, Jakarta Utara",highway/residential,Jalan Kelapa Nias XII
KELAPA GADING,DKI2 Kelapa Gading,75,KELAPA GADING BARAT,"PERUM. VILLA GADING INDAH BLOK T1, KEL. KELAPA GADING BARAT","PERUM. VILLA GADING INDAH BLOK T1, KEL. KELAPA GADING BARAT",TAMAN,390.0,-6.1556025,106.8951708,kelurahan,"Kelapa Gading Barat, Kelapa Gading, Jakarta Utara",boundary/administrative,Kelapa Gading Barat
KELAPA GADING,DKI2 Kelapa Gading,76,KELAPA GADING BARAT,"PERUM. VILLA GADING INDAH BLOK T2, KEL. KELAPA GADING BARAT","PERUM. VILLA GADING INDAH BLOK T2, KEL. KELAPA GADING BARAT",TAMAN,385.0,-6.1556025,106.8951708,kelurahan,"Kelapa Gading Barat, Kelapa Gading, Jakarta Utara",boundary/administrative,Kelapa Gading Barat
KELAPA GADING,DKI2 Kelapa Gading,77,KELAPA GADING BARAT,"PERUM. VILLA GADING INDAH BLOK T13, KEL. KELAPA GADING BARAT","PERUM. VILLA GADING INDAH BLOK T13, KEL. KELAPA GADING BARAT",TAMAN,375.0,-6.1556025,106.8951708,kelurahan,"Kelapa Gading Barat, Kelapa Gading, Jakarta Utara",boundary/administrative,Kelapa Gading Barat
KELAPA GADING,DKI2 Kelapa Gading,78,KELAPA GADING TIMUR,TAMAN EDEN RW 06,JL. PELEPAH ELOK III,TAMAN,300.0,-6.1513182,106.9071847,jalan,"Jalan PELEPAH ELOK III, Jakarta Utara",highway/residential,Jalan Pelepah Elok III
JAGAKARSA,DKI3 Jagakarsa,1,TANJUNG BARAT,FLY OVER TANJUNG BARAT ( BAWAH ),FLY OVER TANJUNG BARAT ( BAWAH ),JALUR HIJAU,17319.52,-6.3065276,106.8488333,kelurahan,"Tanjung Barat, Jagakarsa, Jakarta Selatan",boundary/administrative,Tanjung Barat
JAGAKARSA,DKI3 Jagakarsa,2,JAGAKARSA,TPU KAMPUNG KANDANG,"JL. MOH. KAHFI 1 SEBERANG TPU.KP.KANDANG NO.1F, RT.10/RW.6, JAGAKARSA, KEC. JAGAKARSA, KOTA JAKARTA SELATAN, DAERAH KHUSUS IBUKOTA JAKARTA 12065",TPU,229416.0,-6.3209966,106.8093741,manual,manual: Google Maps,,
JAGAKARSA,DKI3 Jagakarsa,3,SRENGSENG SAWAH,TPU SRENGSENG SAWAH,"JL. SRENGSENG SAWAH, RT.12/RW.7, SRENGSENG SAWAH, KEC. JAGAKARSA, KOTA JAKARTA SELATAN, DAERAH KHUSUS IBUKOTA JAKARTA 12640",TPU,131609.0,-6.3502144,106.817163,objek,"TPU SRENGSENG SAWAH, Srengseng Sawah, Jagakarsa, Jakarta Selatan",landuse/cemetery,TPU Srengseng Sawah
JAGAKARSA,DKI3 Jagakarsa,4,,JALUR HIJAU BUNDARAN DEPAN UI (RTH UI),JALUR HIJAU BUNDARAN DEPAN UI (RTH UI),JALUR HIJAU,61784.0,,,gagal,,,
JAGAKARSA,DKI3 Jagakarsa,5,CIGANJUR,KB. JL. SIRSAK,"JL. SIRSAK NO.22, RT.1/RW.4, CIGANJUR, KEC. JAGAKARSA, KOTA JAKARTA SELATAN, DAERAH KHUSUS IBUKOTA JAKARTA 12630",KEBUN BIBIT,45830.0,-6.3379769,106.8164025,jalan,"Jalan SIRSAK NO.22, CIGANJUR, JAGAKARSA, JAKARTA SELATAN",highway/tertiary,Jalan Sirsak Ujung
JAGAKARSA,DKI3 Jagakarsa,6,CIPEDAK,KB. CIGANJUR,"JALAN PURWA RAYA VI BLOK SI NO.22, JAGAKARSA, RT.1/RW.6, CIPEDAK, KEC. JAGAKARSA, KOTA JAKARTA SELATAN, DAERAH KHUSUS IBUKOTA JAKARTA 12630",KEBUN BIBIT,45000.0,-6.3518261,106.8016288,kelurahan,"Cipedak, Jagakarsa, Jakarta Selatan",boundary/administrative,Cipedak
JAGAKARSA,DKI3 Jagakarsa,7,CIPEDAK,TAMAN CASUARINA,"JL. M. KAHFI I RT.1/RW.2, KEL. CIPEDAK, KEC. JAGAKARSA. JAKARTA SELATAN",TAMAN,40207.0,-6.3580389,106.7993603,objek,"TAMAN CASUARINA, Cipedak, Jagakarsa, Jakarta Selatan",leisure/park,Taman Casuarina
JAGAKARSA,DKI3 Jagakarsa,8,JAGAKARSA,TPU TANJUNG BARAT,"JALAN SWADAYA II NO.Z NO.10, RT.1/RW.5, TANJUNG BARAT, JAGAKARSA, RT.1/RW.5, TJ. BAR., KEC. JAGAKARSA, KOTA JAKARTA SELATAN, DAERAH KHUSUS IBUKOTA JAKARTA 12530",TPU,29515.0,-6.3247665,106.8194219,kelurahan,"Jagakarsa, Jagakarsa, Jakarta Selatan",boundary/administrative,Jagakarsa
JAGAKARSA,DKI3 Jagakarsa,9,,JALUR HIJAU JL. LENTENG AGUNG RAYA SISI TIMUR & BARAT,JALUR HIJAU JL. LENTENG AGUNG RAYA SISI TIMUR & BARAT,JALUR HIJAU,21776.0,,,gagal,,,
JAGAKARSA,DKI3 Jagakarsa,10,TANJUNG BARAT,RTH JL. MUARA 1 RT. 003 RW. 03,JL. MUARA 1 RT. 003 RW. 03,TAMAN,20094.0,-6.3035217,106.8511816,jalan,"Jalan MUARA 1, Jakarta Selatan",highway/living_street,Jalan Muara 1
JAGAKARSA,DKI3 Jagakarsa,11,SRENGSENG SAWAH,RTH KAMPUNG CIPEDAK,"KAMPUNG CIPEDAK RW 009, KEL. SRENGSENG SAWAH, KEC. JAGAKARSA, JAKARTA SELATAN",TAMAN,19845.0,-6.3449388,106.8262052,kelurahan,"Srengseng Sawah, Jagakarsa, Jakarta Selatan",boundary/administrative,Srengseng Sawah
JAGAKARSA,DKI3 Jagakarsa,12,JAGAKARSA,KB. JL.DURIAN,"JL. DURIAN NO.6, RT.8/RW.4, JAGAKARSA, KEC. JAGAKARSA, KOTA JAKARTA SELATAN, DAERAH KHUSUS IBUKOTA JAKARTA 12620",KEBUN BIBIT,18000.0,-6.32233,106.8145574,jalan,"Jalan DURIAN NO.6, JAGAKARSA, JAGAKARSA, JAKARTA SELATAN",highway/secondary,Jalan Durian
JAGAKARSA,DKI3 Jagakarsa,13,CIPEDAK,HUTAN KOTA PALEM,JL. MOCH KAHFI I GANG PALEM RT.001 RW. 002 KEL. CIPEDAK KEC. JAGAKARSA JAKARTA SELATAN,HUTAN,15736.0,-6.3563198,106.7998665,objek,"HUTAN KOTA PALEM, Cipedak, Jagakarsa, Jakarta Selatan",leisure/park,Hutan Kota Palem
JAGAKARSA,DKI3 Jagakarsa,14,JAGAKARSA,TAMAN SPATHODEA,"JL. KEBAGUSAN RAYA GG. KRIEP NO.13, RT 13/.5, KEL. JAGAKARSA, KEC. JAGAKARSA, JAKARTA SELATAN",TAMAN,14366.0,-6.3247665,106.8194219,kelurahan,"Jagakarsa, Jagakarsa, Jakarta Selatan",boundary/administrative,Jagakarsa
JAGAKARSA,DKI3 Jagakarsa,15,SRENGSENG SAWAH,HUTAN KOTA JL. KAHFI II JAGAKARSA,"JL. KAHFI II JAGAKARSA, JAKARTA SELATAN",HUTAN,11800.0,-6.3389176,106.8210877,jalan,"Jalan KAHFI II JAGAKARSA, JAKARTA SELATAN",highway/living_street,Jalan Kahfi
JAGAKARSA,DKI3 Jagakarsa,16,TANJUNG BARAT,HUTAN KOTA TANJUNG BARAT,RTH RT. 08 RW. 02 RT. 09 RT.10 RT. 11 KEL. TANJUNG BARAT KEC. JAGAKARSA JAKARTA SELATAN,HUTAN,11393.0,-6.3065276,106.8488333,kelurahan,"Tanjung Barat, Jagakarsa, Jakarta Selatan",boundary/administrative,Tanjung Barat
JAGAKARSA,DKI3 Jagakarsa,17,SRENGSENG SAWAH,HUTAN KOTA WIKA,JL. SRENGSENG SAWAH RT. 008 RW. 006 (D/H JALAN WIKA) KEL. SRENGSENG SAWAH KEC. JAGAKARSA JAKARTA SELATAN,HUTAN,10636.0,-6.3449388,106.8262052,kelurahan,"Srengseng Sawah, Jagakarsa, Jakarta Selatan",boundary/administrative,Srengseng Sawah
JAGAKARSA,DKI3 Jagakarsa,18,CIGANJUR,HUTAN KOTA CIGANJUR,JL. TRIJAYA RT.010 RW003 KEL. CIGANJUR KEC. JAGAKARSA JAKARTA SELATAN - JL. ANDA RT. 010 RW. 003 KEL. CIGANJUR KEC. JAGAKARSA JAKARTA SELATAN,HUTAN,10091.0,-6.3355851,106.8070616,kelurahan,"Ciganjur, Jagakarsa, Jakarta Selatan",boundary/administrative,Ciganjur
JAGAKARSA,DKI3 Jagakarsa,19,TANJUNG BARAT,RTH JL. MUARA GG. CILIWUNG III RT. 006 RW. 03,JL. MUARA GG. CILIWUNG III RT. 006 RW. 03,TAMAN,9644.0,-6.3065276,106.8488333,kelurahan,"Tanjung Barat, Jagakarsa, Jakarta Selatan",boundary/administrative,Tanjung Barat
JAGAKARSA,DKI3 Jagakarsa,20,CIPEDAK,RTH ANTARIKSA,"JL. ANTARIKSA NO. 369, KEL. CIPEDAK, KEC. JAGAKARSA, JAKARTA SELATAN",TAMAN,9365.0,-6.363446,106.7964888,jalan,"Jalan ANTARIKSA NO. 369, CIPEDAK, JAGAKARSA, JAKARTA SELATAN",highway/residential,Jalan Antariksa
JAGAKARSA,DKI3 Jagakarsa,21,LENTENG AGUNG,HUTAN KOTA JALAN JOE,"JL JOE KEL. LENTENG AGUNG, KEC. JAGAKARSA, JAKARTA SELATAN",HUTAN,9284.0,-6.3229901,106.8305832,jalan,"Jalan JOE LENTENG AGUNG, JAGAKARSA, JAKARTA SELATAN",highway/tertiary,Jalan Joe
JAGAKARSA,DKI3 Jagakarsa,22,CIPEDAK,TAMAN PANJANG,"JL. MOH. KAHFI I, GG. PANJANG 13-H, JAKARTA SELATAN",TAMAN,9275.0,-6.3518261,106.8016288,kelurahan,"Cipedak, Jagakarsa, Jakarta Selatan",boundary/administrative,Cipedak
JAGAKARSA,DKI3 Jagakarsa,23,,JALUR HIJAU JL. TB. SIMATUPANG (JL. TANJUNG BARAT S.D RANCO),JALUR HIJAU JL. TB. SIMATUPANG (JL. TANJUNG BARAT S.D RANCO),JALUR HIJAU,9095.0,,,gagal,,,
JAGAKARSA,DKI3 Jagakarsa,24,CIGANJUR,TAMAN TABEBUYA,"JL. M KAFI NO.1, RT.1/RW.2, CIGANJUR, KEC. JAGAKARSA, KOTA JAKARTA SELATAN, DAERAH KHUSUS IBUKOTA JAKARTA 12630",TAMAN,8705.0,-6.3280622,106.8102522,objek,"TAMAN TABEBUYA, Ciganjur, Jagakarsa, Jakarta Selatan",leisure/park,Taman Tabebuya
JAGAKARSA,DKI3 Jagakarsa,25,CIPEDAK,TAMAN ASELIH,"JL. ASELIH, RT.10/RW.1, CIPEDAK, KEC. JAGAKARSA, KOTA JAKARTA SELATAN, DAERAH KHUSUS IBUKOTA JAKARTA 12630",TAMAN,8690.0,-6.3528901,106.7932036,objek,"TAMAN ASELIH, Cipedak, Jagakarsa, Jakarta Selatan",leisure/park,RPTRA Cinta Aselih
JAGAKARSA,DKI3 Jagakarsa,26,TANJUNG BARAT,RTH GG. 100,"JL. GG. 100 KEL. TANJUNG BARAT KEC. JAGAKARSA, JAKARTA SELATAN",TAMAN,8533.0,-6.3046997,106.8538264,jalan,"Jalan GG. 100 TANJUNG BARAT JAGAKARSA, JAKARTA SELATAN",highway/motorway,Jalan Tol Lingkar Luar Jakarta
JAGAKARSA,DKI3 Jagakarsa,27,CIGANJUR,TAMAN RAMBUTAN,"JL. SADAR II NO.23, RT.2/RW.2, CIGANJUR, KEC. JAGAKARSA, KOTA JAKARTA SELATAN",TAMAN,8034.0,-6.3314639,106.8128637,jalan,"Jalan SADAR II NO.23, CIGANJUR, JAGAKARSA, JAKARTA SELATAN",highway/residential,Jalan Sadar II
JAGAKARSA,DKI3 Jagakarsa,28,CIPEDAK,KB. ASELIH,"RT.8/RW.1, CIPEDAK, JAGAKARSA, SOUTH JAKARTA CITY, JAKARTA 12630",KEBUN BIBIT,8000.0,-6.3518261,106.8016288,kelurahan,"Cipedak, Jagakarsa, Jakarta Selatan",boundary/administrative,Cipedak
JAGAKARSA,DKI3 Jagakarsa,29,JAGAKARSA,RTH KAHFI I NO.888,JL. KAHFI I NO. 888,TAMAN,7964.0,-6.3247665,106.8194219,kelurahan,"Jagakarsa, Jagakarsa, Jakarta Selatan",boundary/administrative,Jagakarsa
JAGAKARSA,DKI3 Jagakarsa,30,JAGAKARSA,TPU JAGAKARSA,"BLOK HAJI ASMUN, JL. JAGAKARSA II HAJI ASMUN NO.36, RT.1/RW.7, JAGAKARSA, KEC. JAGAKARSA, KOTA JAKARTA SELATAN, DAERAH KHUSUS IBUKOTA JAKARTA 12620",TPU,7131.0,-6.3247665,106.8194219,kelurahan,"Jagakarsa, Jagakarsa, Jakarta Selatan",boundary/administrative,Jagakarsa
JAGAKARSA,DKI3 Jagakarsa,31,CIPEDAK,RTH KP CIPEDAK RT 001 RW 02,KP CIPEDAK RT 001 RW 02,TAMAN,6626.0,-6.3518261,106.8016288,kelurahan,"KP CIPEDAK, Jakarta Selatan",boundary/administrative,Cipedak
JAGAKARSA,DKI3 Jagakarsa,32,SRENGSENG SAWAH,RTH JL. WIKA RT.011/06 KEL. SR. SAWAH KEC. JAGAKARSA,"JL. WIKA RT.011/06 KEL. SR. SAWAH KEC. JAGAKARSA,KOTA JAKARTA SELATAN, DAERAH KHUSUS IBUKOTA JAKARTA",TAMAN,6613.0,-6.3449388,106.8262052,kelurahan,"Srengseng Sawah, Jagakarsa, Jakarta Selatan",boundary/administrative,Srengseng Sawah
JAGAKARSA,DKI3 Jagakarsa,33,SRENGSENG SAWAH,RTH JL. WIKA RT. 011 & RT 004 RW. 06,"JL. WIKA, KEL. SRENGSENG SAWAH, KEC. JAGAKARSA, JAKARTA SELATAN",TAMAN,6613.0,-6.3448641,106.8241778,jalan,"Jalan WIKA, SRENGSENG SAWAH, JAGAKARSA, JAKARTA SELATAN",highway/residential,Jalan Wika
JAGAKARSA,DKI3 Jagakarsa,34,JAGAKARSA,RTH GG. WATES/TMB WATES ASRI,"JL. KEBAGUSAN RAYA GG. WATES RT 011 RW 005 KEL. JAGAKARSA KEC. JAGAKARSA, JAKARTA SELATAN",TAMAN,6328.0,-6.3247665,106.8194219,kelurahan,"Jagakarsa, Jagakarsa, Jakarta Selatan",boundary/administrative,Jagakarsa
JAGAKARSA,DKI3 Jagakarsa,35,CIGANJUR,TAMAN BUNI,"JL. MOH. KAHFI 1, RT.9/RW.2, CIGANJUR, KEC. JAGAKARSA, KOTA JAKARTA SELATAN, DAERAH KHUSUS IBUKOTA JAKARTA 12620",TAMAN,6305.0,-6.3311567,106.8085242,objek,"TAMAN BUNI, Ciganjur, Jagakarsa, Jakarta Selatan",leisure/park,Taman Buni
JAGAKARSA,DKI3 Jagakarsa,36,TANJUNG BARAT,HUTAN KOTA GINTUNG,JL. GINTUNG RT. 006 RW. 06 KEL. TANJUNG BARAT KEC. JAGAKARSA JAKARTA SELATAN,HUTAN,6264.0,-6.3165203,106.8496453,jalan,Jalan GINTUNG TANJUNG BARAT JAGAKARSA JAKARTA SELATAN,highway/living_street,Jalan Gintung
JAGAKARSA,DKI3 Jagakarsa,37,LENTENG AGUNG,TAMAN JAGAKARSA,"JL. H.E. MAHJUR NO.13, RT.3/RW.2, LENTENG AGUNG, KEC. JAGAKARSA, KOTA JAKARTA SELATAN, DAERAH KHUSUS IBUKOTA JAKARTA 12530",TAMAN,5981.0,-6.3058535,106.8377276,jalan,"TAMAN JAGAKARSA, Lenteng Agung, Jagakarsa, Jakarta Selatan",highway/living_street,Taman Melati Regency
JAGAKARSA,DKI3 Jagakarsa,38,CIGANJUR,TAMAN KIARA PAYUNG,"JL. H. TERIN 1 NO.2, RT.6/RW.1, CIGANJUR, KEC. JAGAKARSA, KOTA DEPOK, JAWA BARAT 16514",TAMAN,5900.0,-6.3317261,106.8018502,objek,"TAMAN KIARA PAYUNG, Ciganjur, Jagakarsa, Jakarta Selatan",leisure/park,Taman Kiara Payung
JAGAKARSA,DKI3 Jagakarsa,39,SRENGSENG SAWAH,HUTAN KOTA SRENGSENG SAWAH,"JL. MOCH. KAHFI II, RT.8/RW.8, SRENGSENG SAWAH, KEC. JAGAKARSA, KOTA JAKARTA SELATAN, DAERAH KHUSUS IBUKOTA JAKARTA 12630",HUTAN,5900.0,-6.3449388,106.8262052,kelurahan,"Srengseng Sawah, Jagakarsa, Jakarta Selatan",boundary/administrative,Srengseng Sawah
JAGAKARSA,DKI3 Jagakarsa,40,SRENGSENG SAWAH,RTH JL. H SIBI GG. TAMAN KP. SAWAH RT.008 & RT. 013 RW. 02,JL. H SIBI GG. TAMAN KP. SAWAH RT.008 & RT. 013 RW. 02,TAMAN,5764.0,-6.3449388,106.8262052,kelurahan,"Srengseng Sawah, Jagakarsa, Jakarta Selatan",boundary/administrative,Srengseng Sawah
JAGAKARSA,DKI3 Jagakarsa,41,TANJUNG BARAT,TAMAN GINTUNG,"JL. GINTUNG TANJUNG BARAT RT 011 RW 02 KEL. TANJUNG BARAT, JAKARTA SELATAN",TAMAN,5654.0,-6.3151323,106.8508099,jalan,"Jalan GINTUNG TANJUNG BARAT TANJUNG BARAT, JAKARTA SELATAN",highway/living_street,Jalan Gintung
JAGAKARSA,DKI3 Jagakarsa,42,CIPEDAK,RTH JL. TIMBUL III RT. 08 RW. 04,JL. TIMBUL III RT. 08 RW. 04,TAMAN,5619.0,-6.3511048,106.8038035,jalan,"Jalan TIMBUL III, Jakarta Selatan",highway/residential,Jalan Timbul III
JAGAKARSA,DKI3 Jagakarsa,43,JAGAKARSA,RTH GG. RUKUN BABAKAN RT. 004 RW. 001,GG. RUKUN BABAKAN RT. 004 RW. 001,TAMAN,5575.0,-6.3247665,106.8194219,kelurahan,"Jagakarsa, Jagakarsa, Jakarta Selatan",boundary/administrative,Jagakarsa
JAGAKARSA,DKI3 Jagakarsa,44,CIPEDAK,TAMAN DAFICI,JL. M. KAHFI I RT 009 RW 04,TAMAN,5130.0,-6.3518261,106.8016288,kelurahan,"Cipedak, Jagakarsa, Jakarta Selatan",boundary/administrative,Cipedak
JAGAKARSA,DKI3 Jagakarsa,45,CIPEDAK,RTH JL. M. KAHFI I RT 009 RW 04,JL. M. KAHFI I RT 009 RW 04,TAMAN,5130.0,-6.3518261,106.8016288,kelurahan,"Cipedak, Jagakarsa, Jakarta Selatan",boundary/administrative,Cipedak
JAGAKARSA,DKI3 Jagakarsa,46,LENTENG AGUNG,TAMAN PINGKAL,"JL. CAMAT GABUN II NO. 67 RT 003 RW 08 KEL. LENTENG AGUNG, JAKARTA SELATAN",TAMAN,5012.0,-6.3376533,106.8379684,jalan,"Jalan CAMAT GABUN II NO. 67 LENTENG AGUNG, JAKARTA SELATAN",highway/residential,Jalan Camat Gabun II
JAGAKARSA,DKI3 Jagakarsa,47,LENTENG AGUNG,RTH JL. CAMAT GABUN II NO. 67 RT. 003 RW. 08,"JL. CAMAT GABUN II NO. 67 RT 003 RW 008, KEL. LENTENG AGUNG, KEC. JAGAKARSA, JAKARTA SELATAN",TAMAN,5012.0,-6.3376533,106.8379684,jalan,"Jalan CAMAT GABUN II NO. 67, LENTENG AGUNG, JAGAKARSA, JAKARTA SELATAN",highway/residential,Jalan Camat Gabun II
JAGAKARSA,DKI3 Jagakarsa,48,SRENGSENG SAWAH,TAMAN JEMBLONGAN UI,"JL. LENTENG AGUNG RAYA, RT.6/ 3, KEL. SRENGSENG SAWAH, KEC. JAGAKARSA, JAKARTA SELATAN",TAMAN,5000.0,-6.3378084,106.8343921,jalan,"Jalan LENTENG AGUNG RAYA, / 3, SRENGSENG SAWAH, JAGAKARSA, JAKARTA SELATAN",highway/primary,Jalan Lenteng Agung Raya
JAGAKARSA,DKI3 Jagakarsa,49,CIPEDAK,TAMAN ALANG-ALANG,"JL. ANTARIKSA RT 009 RW 002, KEL. CIPEDAK, KEC. JAGAKARSA, JAKARTA SELATAN",TAMAN,4987.0,-6.3639073,106.7938749,objek,"TAMAN ALANG-ALANG, Cipedak, Jagakarsa, Jakarta Selatan",leisure/park,Taman Alang-Alang
JAGAKARSA,DKI3 Jagakarsa,50,CIPEDAK,HUTAN KOTA CIPEDAK,"RT.2/RW.2, CIPEDAK, KEC. JAGAKARSA, KOTA JAKARTA SELATAN, DAERAH KHUSUS IBUKOTA JAKARTA 12630",HUTAN,4861.0,-6.3518261,106.8016288,kelurahan,"CIPEDAK, JAGAKARSA, JAKARTA SELATAN",boundary/administrative,Cipedak
JAGAKARSA,DKI3 Jagakarsa,51,CIPEDAK,"RTH JL. TIMBUL III RT. 08/04 KEL. CIPEDAK KECAMATAN JAGAKARSA, JAKARTA SELATAN","JL. TIMBUL III RT. 08/04 KEL. CIPEDAK KECAMATAN JAGAKARSA, JAKARTA SELATAN",TAMAN,4729.0,-6.3511048,106.8038035,jalan,"Jalan TIMBUL III /04 CIPEDAK JAGAKARSA, JAKARTA SELATAN",highway/residential,Jalan Timbul III
JAGAKARSA,DKI3 Jagakarsa,52,LENTENG AGUNG,TAMAN MAJA,"JL. MENTENG 2, RT.4/RW.6, LENTENG AGUNG, KEC. JAGAKARSA, KOTA JAKARTA SELATAN, DAERAH KHUSUS IBUKOTA JAKARTA 12630",TAMAN,4714.0,-6.3284605,106.8302,jalan,"Jalan MENTENG 2, LENTENG AGUNG, JAGAKARSA, JAKARTA SELATAN",highway/living_street,Jalan Menteng
JAGAKARSA,DKI3 Jagakarsa,53,LENTENG AGUNG,TAMAN LENTENG AGUNG BERWARNA,"JL. MENTENG RT 007 RW 006 KEL. LENTENG AGUNG, KEC. JAGAKARSA, JAKARTA SELATAN",TAMAN,4642.0,-6.3284605,106.8302,jalan,"Jalan MENTENG LENTENG AGUNG, JAGAKARSA, JAKARTA SELATAN",highway/living_street,Jalan Menteng
JAGAKARSA,DKI3 Jagakarsa,54,JAGAKARSA,RTH KECAPI,"JL. KECAPI RT 013 RW 005 KEL. JAGAKARSA KEC. JAGAKARSA, JAKARTA SELATAN",TAMAN,4600.0,-6.322266,106.8208732,jalan,"Jalan KECAPI JAGAKARSA JAGAKARSA, JAKARTA SELATAN",highway/tertiary,Jalan Kecapi
JAGAKARSA,DKI3 Jagakarsa,55,CIPEDAK,TAMAN KAYU PUTIH,"JL. JANGKRIK, RT.9/ 5, KEL. CIGANJUR, KEC. JAGAKARSA, JAKARTA SELATAN",TAMAN,4598.0,-6.3407723,106.8061239,jalan,"Jalan JANGKRIK, / 5, CIGANJUR, JAGAKARSA, JAKARTA SELATAN",highway/residential,Jalan Jangkrik
JAGAKARSA,DKI3 Jagakarsa,56,CIGANJUR,RPTRA TAMAN JANGKRIK,"JL. JANGKRIK, RT.9/RW.5, CIGANJUR, KEC. JAGAKARSA, KOTA JAKARTA SELATAN, DAERAH KHUSUS IBUKOTA JAKARTA 12630",TAMAN,4084.0,-6.3417212,106.8075196,objek,"RPTRA TAMAN JANGKRIK, Ciganjur, Jagakarsa, Jakarta Selatan",landuse/recreation_ground,RPTRA Taman Jangkrik
JAGAKARSA,DKI3 Jagakarsa,57,SRENGSENG SAWAH,RTH M. KAHFI II,JL. M KAHFI II,TAMAN,3960.0,-6.3449388,106.8262052,kelurahan,"Srengseng Sawah, Jagakarsa, Jakarta Selatan",boundary/administrative,Srengseng Sawah
JAGAKARSA,DKI3 Jagakarsa,58,TANJUNG BARAT,RTH JL. GINTUNG GG. 100 RT. 011 RW. 02,"JL. GINTUNG, KEL. TANJUNG BARAT, KEC. JAGAKARSA, JAKARTA SELATAN",TAMAN,3950.0,-6.3165203,106.8496453,jalan,"Jalan GINTUNG, TANJUNG BARAT, JAGAKARSA, JAKARTA SELATAN",highway/living_street,Jalan Gintung
JAGAKARSA,DKI3 Jagakarsa,59,CIGANJUR,TAMAN WARUNG SILAH,"JL. WARUNG SILA NO. 17 RT 004 RW 005, KEL. CIGANJUR, KEC. JAGAKARSA, JAKARTA SELATAN",TAMAN,3674.0,-6.3444324,106.8153288,jalan,"Jalan WARUNG SILA NO. 17, CIGANJUR, JAGAKARSA, JAKARTA SELATAN",highway/residential,Jalan Griya Warung Sila
JAGAKARSA,DKI3 Jagakarsa,60,CIPEDAK,RTH ANTARIKSA RT 09,"JL. ANTARIKSA RT 009 RW 002 KEL. CIPEDAK KEC. JAGAKARSA, JAKARTA SELATAN",TAMAN,3647.0,-6.363446,106.7964888,jalan,"Jalan ANTARIKSA CIPEDAK JAGAKARSA, JAKARTA SELATAN",highway/residential,Jalan Antariksa
JAGAKARSA,DKI3 Jagakarsa,61,JAGAKARSA,RTH JL. MANGGIS GG. H ABD GHONI KP. JAGAKARSA RT.001 RW.04,JL. MANGGIS GG. H ABD GHONI KP. JAGAKARSA RT.001 RW.04,TAMAN,3304.0,-6.3247665,106.8194219,kelurahan,"Jagakarsa, Jagakarsa, Jakarta Selatan",boundary/administrative,Jagakarsa
JAGAKARSA,DKI3 Jagakarsa,62,TANJUNG BARAT,RTH JL. TB SIMATUPANG (DEPAN KAV. ANTAM),JL. TB SIMATUPANG (DEPAN KAV. ANTAM),TAMAN,3291.0,-6.3065276,106.8488333,kelurahan,"Tanjung Barat, Jagakarsa, Jakarta Selatan",boundary/administrative,Tanjung Barat
JAGAKARSA,DKI3 Jagakarsa,63,JAGAKARSA,RTH LENTENG AGUNG RW 01,"JL. RAYA LENTENG AGUNG RT 006 RW 001 KEL. LENTENG AGUNG KEC. JAGAKARSA, JAKARTA SELATAN",TAMAN,3128.0,-6.3247665,106.8194219,kelurahan,"Jagakarsa, Jagakarsa, Jakarta Selatan",boundary/administrative,Jagakarsa
JAGAKARSA,DKI3 Jagakarsa,64,TANJUNG BARAT,"RTH RT. 11 RW. 02, KELURAHAN TANJUNG BARAT, KECAMATAN JAGAKARSA","RT. 11 RW. 02, KELURAHAN TANJUNG BARAT, KECAMATAN JAGAKARSA",TAMAN,2920.0,-6.3065276,106.8488333,kelurahan,"TANJUNG BARAT, JAGAKARSA, Jakarta Selatan",boundary/administrative,Tanjung Barat
JAGAKARSA,DKI3 Jagakarsa,65,SRENGSENG SAWAH,TAMAN BETAWI NGUMPUL,"JL. M. KAHFI II RT.06 RW.05, KEL. SRENGSENG SAWAH, JAKARTA SELATAN",TAMAN,2914.0,-6.3449388,106.8262052,kelurahan,"Srengseng Sawah, Jagakarsa, Jakarta Selatan",boundary/administrative,Srengseng Sawah
JAGAKARSA,DKI3 Jagakarsa,66,,JALUR HIJAU JL. KAHFI I,JALUR HIJAU JL. KAHFI I,JALUR HIJAU,2400.0,,,gagal,,,
JAGAKARSA,DKI3 Jagakarsa,67,LENTENG AGUNG,RPTRA TAMAN LENTENG AGUNG,"JL. LENTENG AGUNG RAYA, JAGAKARSA, RT.11/RW.2, LENTENG AGUNG, KEC. JAGAKARSA, KOTA JAKARTA SELATAN, DAERAH KHUSUS IBUKOTA JAKARTA 12610",TAMAN,2365.0,-6.322841,106.8360146,objek,"RPTRA TAMAN LENTENG AGUNG, Lenteng Agung, Jagakarsa, Jakarta Selatan",landuse/recreation_ground,RPTRA Taman Lenteng Agung
JAGAKARSA,DKI3 Jagakarsa,68,CIPEDAK,TAMAN MATOA,"JL. RAMBUTAN I, RT.1/77, KEL. JAGAKARSA, KEC. JAGAKARSA, JAKARTA SELATAN,",TAMAN,2340.0,-6.3292324,106.8224849,jalan,"Jalan RAMBUTAN I, /77, JAGAKARSA, JAGAKARSA, JAKARTA SELATAN",highway/living_street,Jalan Rambutan I
JAGAKARSA,DKI3 Jagakarsa,69,JAGAKARSA,RTH JL. JAGAKARSA RAYA (KP. BABAKAN) RT. 001 RW. 01,JL. JAGAKARSA RAYA (KP. BABAKAN) RT. 001 RW. 01,TAMAN,2340.0,-6.3247665,106.8194219,kelurahan,"Jagakarsa, Jagakarsa, Jakarta Selatan",boundary/administrative,Jagakarsa
JAGAKARSA,DKI3 Jagakarsa,70,,JALUR HIJAU JL. KAHFI II,JALUR HIJAU JL. KAHFI II,JALUR HIJAU,2300.0,,,gagal,,,
JAGAKARSA,DKI3 Jagakarsa,71,JAGAKARSA,TAMAN SEROJA,"JL. JAGAKARSA II GG. H. MASMUN RT01/RW07. KEL. JAGAKARSA, JAKARTA SELATAN",TAMAN,2218.0,-6.3247665,106.8194219,kelurahan,"Jagakarsa, Jagakarsa, Jakarta Selatan",boundary/administrative,Jagakarsa
JAGAKARSA,DKI3 Jagakarsa,72,LENTENG AGUNG,RTH LENTENG AGUNG RT 04,"JL. LENTENG AGUNG RT 004 RW 001 KEL. LENTENG AGUNG KEC. JAGAKARSA, JAKARTA SELATAN",TAMAN,2200.0,-6.3230493,106.8362035,kelurahan,"Lenteng Agung, Jagakarsa, Jakarta Selatan",boundary/administrative,Lenteng Agung
JAGAKARSA,DKI3 Jagakarsa,73,TANJUNG BARAT,TAMAN TANJUNG 2,"JL. TB. SIMATUPANG RT. 010/04, KEL. TANJUNG BARAT KEC. JAGAKARSA. JAKARTA SELATAN",TAMAN,2106.0,-6.3065276,106.8488333,kelurahan,"Tanjung Barat, Jagakarsa, Jakarta Selatan",boundary/administrative,Tanjung Barat
JAGAKARSA,DKI3 Jagakarsa,74,LENTENG AGUNG,RTH LENTENG AGUNG RT 06,"JL. LENTENG AGUNG RT 006 RW 001, KEL. LENTENG AGUNG, KEC. JAGAKARSA, JAKARTA SELATAN",TAMAN,1972.0,-6.3230493,106.8362035,kelurahan,"Lenteng Agung, Jagakarsa, Jakarta Selatan",boundary/administrative,Lenteng Agung
JAGAKARSA,DKI3 Jagakarsa,75,JAGAKARSA,RTH KRAMAT,"JL. KRAMAT, KEL. JAGAKARSA, KEC. JAGAKARSA, JAKARTA SELATAN",TAMAN,1907.0,-6.3237301,106.8400992,jalan,"Jalan KRAMAT, JAGAKARSA, JAGAKARSA, JAKARTA SELATAN",highway/residential,Jalan Kramat
JAGAKARSA,DKI3 Jagakarsa,76,SRENGSENG SAWAH,RTH SARIN,GANG H. SARIN RT 009 RW 002 SRENGSENG SAWAH JAGAKARSA JAKARTA SELATAN,TAMAN,1843.0,-6.3449388,106.8262052,kelurahan,"Srengseng Sawah, Jagakarsa, Jakarta Selatan",boundary/administrative,Srengseng Sawah
JAGAKARSA,DKI3 Jagakarsa,77,TANJUNG BARAT,TAMAN PUTARAN RANCO,"JL. TB SIMATUPANG RT 001/ 002, KEL. TANJUNG BARAT, KEC. JAGAKARSA. JAKARTA SELATAN",TAMAN,1752.0,-6.3065276,106.8488333,kelurahan,"Tanjung Barat, Jagakarsa, Jakarta Selatan",boundary/administrative,Tanjung Barat
JAGAKARSA,DKI3 Jagakarsa,78,BINTARO,RTH JL. RC VETERAN KOMP. GRAHA BARU RT. 004 RW. 012,JL. RC VETERAN KOMP. GRAHA BARU RT. 004 RW. 012,TAMAN,1704.0,,,gagal,,,
JAGAKARSA,DKI3 Jagakarsa,79,JAGAKARSA,RTH GG. BATAS,"JL. GANG BATAS RT 002 RW 002 KEL. JAGAKARSA KEC. JAGAKARSA, JAKARTA SELATAN",TAMAN,1630.0,-6.3247665,106.8194219,kelurahan,"Jagakarsa, Jagakarsa, Jakarta Selatan",boundary/administrative,Jagakarsa
JAGAKARSA,DKI3 Jagakarsa,80,LENTENG AGUNG,RTH JL. MENTENG RT 007 RW 006 KEL LENTENG AGUNG KEC JAGAKARSA JAKARTA SELATAN,JL. MENTENG RT 007 RW 006 KEL LENTENG AGUNG KEC JAGAKARSA JAKARTA SELATAN,TAMAN,1583.0,-6.3284605,106.8302,jalan,Jalan MENTENG LENTENG AGUNG JAGAKARSA JAKARTA SELATAN,highway/living_street,Jalan Menteng
JAGAKARSA,DKI3 Jagakarsa,81,TANJUNG BARAT,RTH TAMAN GINTUNG,JL. GINTUNG TANJUNG BARAT RT. 011 RW. 02,TAMAN,1562.0,-6.3156019,106.8506435,jalan,"Jalan GINTUNG TANJUNG BARAT, Jakarta Selatan",highway/living_street,Jalan Gintung
JAGAKARSA,DKI3 Jagakarsa,82,JAGAKARSA,RTH NUSA INDAH,"JL. NUSA INDAH I RT 012 RW 002 KEL. JAGAKARSA KEC. JAGAKARSA, JAKARTA SELATAN",TAMAN,1404.0,-6.3309635,106.8205098,jalan,"Jalan NUSA INDAH I JAGAKARSA JAGAKARSA, JAKARTA SELATAN",highway/residential,Jalan Nusa Indah I
JAGAKARSA,DKI3 Jagakarsa,83,JAGAKARSA,RTH JL. KEDONDONG RT. 002 RW. 005,JALAN KEDONDONG RT 002 RW 005 KEL. JAGAKARSA KEC. JAGAKARSA KOTA ADMINISTRASI JAKARTA SELATAN,TAMAN,1314.0,-6.322424,106.8164707,jalan,JALAN KEDONDONG JAGAKARSA JAGAKARSA KOTA ADMINISTRASI JAKARTA SELATAN,highway/tertiary,Jalan Kedondong
JAGAKARSA,DKI3 Jagakarsa,84,TANJUNG BARAT,RTH JL. MUARA RT. 008 RW. 02,JL. MUARA RT. 008 RW. 02,TAMAN,1288.0,-6.304477,106.8548554,jalan,"Jalan MUARA, Jakarta Selatan",highway/living_street,Jalan Muara
JAGAKARSA,DKI3 Jagakarsa,85,TANJUNG BARAT,RTH JL. TB SIMATUPANG RT 010 RW 04,JL. TB SIMATUPANG RT 010 RW 04,TAMAN,1258.0,-6.3065276,106.8488333,kelurahan,"Tanjung Barat, Jagakarsa, Jakarta Selatan",boundary/administrative,Tanjung Barat
JAGAKARSA,DKI3 Jagakarsa,86,,FLY OVER TANJUNG BARAT (BAWAH),FLY OVER TANJUNG BARAT (BAWAH),JALUR HIJAU,1253.0,,,gagal,,,
JAGAKARSA,DKI3 Jagakarsa,87,JAGAKARSA,RTH JAGAKARSA RW 07,"JL. JAGAKARSA RT 001 RW 007 KEL. JAGAKARSA KEC. JAGAKARSA, JAKARTA SELATAN",TAMAN,1248.0,-6.3247665,106.8194219,kelurahan,"Jagakarsa, Jagakarsa, Jakarta Selatan",boundary/administrative,Jagakarsa
JAGAKARSA,DKI3 Jagakarsa,88,TANJUNG BARAT,TAMAN JANGGREK,"JL. TB SIMATUPANG RT.10/RW.4, TANJUNG BARAT, JAGAKARSA, SOUTH JAKARTA CITY, JAKARTA 12530",TAMAN,1239.0,-6.3036469,106.8403264,objek,"TAMAN JANGGREK, Tanjung Barat, Jagakarsa, Jakarta Selatan",leisure/park,Taman Janggrek
JAGAKARSA,DKI3 Jagakarsa,89,JAGAKARSA,RTH GG. SWAMAS,"GANG SWAMAS RT 009 RW 007 KEL. JAGAKARSA KEC. JAGAKARSA, JAKARTA SELATAN",TAMAN,1232.0,-6.3302839,106.8215311,jalan,"GANG SWAMAS JAGAKARSA JAGAKARSA, JAKARTA SELATAN",highway/residential,Gang Swamas
JAGAKARSA,DKI3 Jagakarsa,90,LENTENG AGUNG,TAMAN JIHANDAK,JL. RAYA LENTENG AGUNG RT.13/RW.07 KEL.LENTENG AGUNG KEC. JAGAKARSA. JAKARTA SELATAN,TAMAN,1200.0,-6.3230493,106.8362035,kelurahan,"Lenteng Agung, Jagakarsa, Jakarta Selatan",boundary/administrative,Lenteng Agung
JAGAKARSA,DKI3 Jagakarsa,91,TANJUNG BARAT,TAMAN DEPAN BPG,"JL. LAP. SUKATANI NO.14, RT.5/RW.5, TJ. BAR., KEC. JAGAKARSA, KOTA JAKARTA SELATAN, DAERAH KHUSUS IBUKOTA JAKARTA 12530",TAMAN,1200.0,-6.3065276,106.8488333,kelurahan,"Tanjung Barat, Jagakarsa, Jakarta Selatan",boundary/administrative,Tanjung Barat
JAGAKARSA,DKI3 Jagakarsa,92,TANJUNG BARAT,"RTH JL. TANJUNG BARAT RT. 009 RW. 05, KELURAHAN TANJUNG BARAT, KECAMATAN JAGAKARSA, JAKARTA SELATAN","JL. TANJUNG BARAT RT. 009 RW. 05, KELURAHAN TANJUNG BARAT, KECAMATAN JAGAKARSA, JAKARTA SELATAN",TAMAN,1175.0,-6.301297,106.840208,jalan,"Jalan TANJUNG BARAT, TANJUNG BARAT, JAGAKARSA, JAKARTA SELATAN",highway/primary,Jalan Tanjung Barat
JAGAKARSA,DKI3 Jagakarsa,93,SRENGSENG SAWAH,TAMAN DEPAN KAMPUS UI,"JL. LENTENG AGUNG RAYA RT 06/ 01, KEL. SRENGSENG SAWAH, KEC. JAGAKARSA. JAKARTA SELATAN",TAMAN,1030.0,-6.3540265,106.8322325,jalan,"Jalan LENTENG AGUNG RAYA / 01, SRENGSENG SAWAH, JAGAKARSA. JAKARTA SELATAN",highway/primary,Jalan Lenteng Agung Raya
JAGAKARSA,DKI3 Jagakarsa,94,SRENGSENG SAWAH,TAMAN DEPAN UNIVERSITAS PANCASILA,"JL. LENTENG AGUNG RAYA, RT.1/RW.3, SRENGSENG SAWAH, KEC. JAGAKARSA, KOTA JAKARTA SELATAN,",TAMAN,1000.0,-6.3378084,106.8343921,jalan,"Jalan LENTENG AGUNG RAYA, SRENGSENG SAWAH, JAGAKARSA, JAKARTA SELATAN",highway/primary,Jalan Lenteng Agung Raya
JAGAKARSA,DKI3 Jagakarsa,95,JAGAKARSA,TAMAN KEBAGUSAN RAYA,"JL. KEBAGUSAN RAYA RT. 013 RW. 05 KELURAHAN JAGAKARSA, JAKARTA SELATAN",TAMAN,996.0,-6.3247665,106.8194219,kelurahan,"Jagakarsa, Jagakarsa, Jakarta Selatan",boundary/administrative,Jagakarsa
JAGAKARSA,DKI3 Jagakarsa,96,SRENGSENG SAWAH,"RPTRA EX. RUMAH DINAS GURU JL. H. SYIBI IV RT 13/02,","JL. H. SHIBI NO.4, RT.13/RW.2, SRENGSENG SAWAH, KEC. JAGAKARSA, KOTA JAKARTA SELATAN, DAERAH KHUSUS IBUKOTA JAKARTA 12640",TAMAN,900.0,-6.3449388,106.8262052,kelurahan,"Srengseng Sawah, Jagakarsa, Jakarta Selatan",boundary/administrative,Srengseng Sawah
JAGAKARSA,DKI3 Jagakarsa,97,CIPEDAK,TAMAN PURWA,"JL. PURWA UTAMA, RT.2/RW.6, CIPEDAK, KEC. JAGAKARSA, KOTA JAKARTA SELATAN,",TAMAN,811.0,-6.354604,106.8058617,jalan,"Jalan PURWA UTAMA, CIPEDAK, JAGAKARSA, JAKARTA SELATAN",highway/residential,Jalan Purwa Utama
JAGAKARSA,DKI3 Jagakarsa,98,,JALUR HIJAU JL. SADAR,JALUR HIJAU JL. SADAR,JALUR HIJAU,745.0,,,gagal,,,
JAGAKARSA,DKI3 Jagakarsa,99,JAGAKARSA,RTH GG. RUKUN,"JL. GANG RUKUN RT 004 RW 001, KEL. JAGAKARSA, KEC. JAGAKARSA, JAKARTA SELATAN",TAMAN,726.0,-6.3247665,106.8194219,kelurahan,"Jagakarsa, Jagakarsa, Jakarta Selatan",boundary/administrative,Jagakarsa
JAGAKARSA,DKI3 Jagakarsa,100,,JALUR HIJAU JL. JAGAKARSA RAYA,JALUR HIJAU JL. JAGAKARSA RAYA,JALUR HIJAU,710.0,,,gagal,,,
JAGAKARSA,DKI3 Jagakarsa,101,CIGANJUR,TAMAN INTERAKTIF CIGANJUR,"JL. SALAK PUTIH RT 005/002 KEL. CIGANJUR, KEC. JAGAKARSA. JAKARTA SELATAN",TAMAN,700.0,-6.3358224,106.810565,jalan,"Jalan SALAK PUTIH /002 CIGANJUR, JAGAKARSA. JAKARTA SELATAN",highway/residential,Jalan Salak Putih
JAGAKARSA,DKI3 Jagakarsa,102,LENTENG AGUNG,TAMAN SEGITIGA ST. TANJUNG BARAT,"JL. LENTENG AGUNG RAYA RT 04/ 01 KEL. LENTENG AGUNG, KEC. JAGAKARSA. JAKARTA SELATAN",TAMAN,500.0,-6.3064543,106.8389921,jalan,"Jalan LENTENG AGUNG RAYA / 01 LENTENG AGUNG, JAGAKARSA. JAKARTA SELATAN",highway/primary,Jalan Lenteng Agung Raya
JAGAKARSA,DKI3 Jagakarsa,103,JAGAKARSA,TAMAN LANTANA,"JL. NUSA INDAH (GG. BATAS 2-3), RT.12/2, KEL. JAGAKARSA, KEC. JAGAKARSA, JAKARTA SELATAN,",TAMAN,492.0,-6.3247665,106.8194219,kelurahan,"Jagakarsa, Jagakarsa, Jakarta Selatan",boundary/administrative,Jagakarsa
JAGAKARSA,DKI3 Jagakarsa,104,,JALUR HIJAU JL. TIMBUL,JALUR HIJAU JL. TIMBUL,JALUR HIJAU,380.0,,,gagal,,,
JAGAKARSA,DKI3 Jagakarsa,105,,JALUR HIJAU JL. MONTONG,JALUR HIJAU JL. MONTONG,JALUR HIJAU,360.0,,,gagal,,,
JAGAKARSA,DKI3 Jagakarsa,106,,JALUR HIJAU JL. WARUNG SILAH,JALUR HIJAU JL. WARUNG SILAH,JALUR HIJAU,360.0,,,gagal,,,
JAGAKARSA,DKI3 Jagakarsa,107,,JALUR HIJAU JL. SIRSAK,JALUR HIJAU JL. SIRSAK,JALUR HIJAU,360.0,,,gagal,,,
JAGAKARSA,DKI3 Jagakarsa,108,SRENGSENG SAWAH,TAMAN SEGITIGA PINTU KA. SRENGSENG SAWAH SISI TIMUR,"JL. RAYA LENTENG AGUNG BARAT, RT 5/ 3, KEL. SRENGSENG SAWAH, KEC. JAGAKARSA, JAKARTA SELATAN",TAMAN,335.0,-6.3449388,106.8262052,kelurahan,"Srengseng Sawah, Jagakarsa, Jakarta Selatan",boundary/administrative,Srengseng Sawah
JAGAKARSA,DKI3 Jagakarsa,109,SRENGSENG SAWAH,TAMAN SEGITIGA PINTU KA. SRENGSENG SAWAH SISI BARAT,"JL. LENTENG AGUNG RAYA RT 6/3, KEL. SRENGSENG SAWAH, KEC. JAGAKARSA, JAKARTA SELATAN",TAMAN,250.0,-6.3378084,106.8343921,jalan,"Jalan LENTENG AGUNG RAYA /3, SRENGSENG SAWAH, JAGAKARSA, JAKARTA SELATAN",highway/primary,Jalan Lenteng Agung Raya
JAGAKARSA,DKI3 Jagakarsa,110,,JALUR HIJAU JL. KAVLING POLRI,JALUR HIJAU JL. KAVLING POLRI,JALUR HIJAU,220.0,,,gagal,,,
JAGAKARSA,DKI3 Jagakarsa,111,,JALUR HIJAU JL. PASO,JALUR HIJAU JL. PASO,JALUR HIJAU,200.0,,,gagal,,,
JAGAKARSA,DKI3 Jagakarsa,112,,JALUR HIJAU JL. JOE,JALUR HIJAU JL. JOE,JALUR HIJAU,140.0,,,gagal,,,
CIPAYUNG,DKI4 Lubang Buaya,1,PONDOK RANGGON,TPU PONDOK RANGGON,"JL. RAYA TPU PD. RANGGON, RT.7/RW.4, PD. RANGGON, KEC. CIPAYUNG, KOTA JAKARTA TIMUR, DAERAH KHUSUS IBUKOTA JAKARTA 13860",TPU,675032.0,-6.3595099,106.9095997,manual,manual: Google Maps,,
CIPAYUNG,DKI4 Lubang Buaya,2,SETU,HUTAN KOTA CILANGKAP BARU,JL. RAYA SETU RT 003 RW 04 KEL.CILANGKAP KEC. CIPAYUNG JAKARTA TIMUR - RT. 008 RW. 03 KEL. SETU KEC. CIPAYUNG JAKARTA TIMUR; RT. 001 RW. 04 KEL. SETU KEC. CIPAYUNG JAKARTA TIMUR,HUTAN,100109.0,-6.3127494,106.9145539,kelurahan,"Setu, Cipayung, Jakarta Timur",boundary/administrative,Setu
CIPAYUNG,DKI4 Lubang Buaya,3,SETU,TPU BAMBU APUS / TPU BAMBU WULUNG,"JL. RAYA SETU NO.43, RT.9/RW.5, SETU, KEC. CIPAYUNG, KOTA JAKARTA TIMUR, DAERAH KHUSUS IBUKOTA JAKARTA 13880",TPU,60415.0,-6.3178327,106.9149,jalan,"Jalan RAYA SETU NO.43, SETU, CIPAYUNG, JAKARTA TIMUR",highway/residential,Jalan Setu Indah Raya
CIPAYUNG,DKI4 Lubang Buaya,4,SETU,HUTAN KOTA CILANGKAP,KEL. SETU KEC. CIPAYUNG JAKARTA TIMUR,HUTAN,42000.0,-6.324438,106.9073683,manual,manual: Google Maps,,
CIPAYUNG,DKI4 Lubang Buaya,5,LUBANG BUAYA,RTH LUBANG BUAYA,"JL. PAGELARANG RT 005 RW 003, KEL. LUBANG BUAYA, KEC. CIPAYUNG, JAKARTA TIMUR",TAMAN,41098.0,-6.3018486,106.9139161,jalan,"Jalan PAGELARANG, LUBANG BUAYA, CIPAYUNG, JAKARTA TIMUR",highway/tertiary,Jalan Pagelarang
CIPAYUNG,DKI4 Lubang Buaya,6,MUNJUL,HUTAN KOTA MUNJUL,"RT 005/RW.02 JL.RAYA MUNJUL, KELURAHAN MUNJUL KECAMATAN CIPAYUNG JAKARTA TIMUR",HUTAN,37385.0,-6.3529641,106.8987309,objek,"HUTAN KOTA MUNJUL, Munjul, Cipayung, Jakarta Timur",natural/wood,Hutan Kota Munjul
CIPAYUNG,DKI4 Lubang Buaya,7,LUBANG BUAYA,"RTH JL. KRAMAT III RT. 003 RW. 03, RT.004 RW.002 , RT. 007 , RW. 010","JL. KRAMAT III RT. 003 RW. 03, RT.004 RW.002 , RT. 007 , RW. 010, LUBANG BUAYA CIPAYUNG JAKARTA TIMUR",TAMAN,36848.0,-6.2930929,106.9090601,jalan,"Jalan KRAMAT III, LUBANG BUAYA CIPAYUNG JAKARTA TIMUR",highway/residential,Jalan Kramat III
CIPAYUNG,DKI4 Lubang Buaya,8,SETU,HUTAN KOTA DAS SUNTER HULU,"RT.7/RW.2, SETU, CIPAYUNG, JAKARTA TIMUR JAKARTA 13880",HUTAN,30000.0,-6.3127494,106.9145539,kelurahan,"SETU, CIPAYUNG, JAKARTA TIMUR JAKARTA",boundary/administrative,Setu
CIPAYUNG,DKI4 Lubang Buaya,9,SETU,RTH TAMAN BAMBU JL. PAGELARANG,"JL. PAGELARANG NO.6, RT.3/RW.1, SETU, KEC. CIPAYUNG, KOTA JAKARTA TIMUR, DAERAH KHUSUS IBUKOTA JAKARTA 13880",TAMAN,29330.0,-6.3054829,106.9166699,jalan,"Jalan PAGELARANG NO.6, SETU, CIPAYUNG, JAKARTA TIMUR",highway/tertiary,Jalan Pagelarang
CIPAYUNG,DKI4 Lubang Buaya,10,PONDOK RANGGON,TAMAN SALIX,"JL. MUFAKAT NO.74, RT.3/RW.2, PD. RANGGON, KEC. CIPAYUNG, KOTA JAKARTA TIMUR, DAERAH KHUSUS IBUKOTA JAKARTA 13860",TAMAN,27409.0,-6.3544342,106.9066357,kelurahan,"Pondok Ranggon, Cipayung, Jakarta Timur",boundary/administrative,Pondok Ranggon
CIPAYUNG,DKI4 Lubang Buaya,11,PONDOK RANGGON,TAMAN RANGGON WIJAYA KUSUMA,"JL. CILANGKAP BARU RT 004 RW 003, KEL. PONDOK RANGGON, KEC. CIPAYUNG, JAKARTA TIMUR",TAMAN,19493.0,-6.34701,106.9056397,jalan,"Jalan CILANGKAP BARU, PONDOK RANGGON, CIPAYUNG, JAKARTA TIMUR",highway/tertiary,Jalan Cilangkap Baru
CIPAYUNG,DKI4 Lubang Buaya,12,MUNJUL,RTH BUNTU JANKES (TAMAN SALAK KUNING),"JL. BUNTU (TERUSAN JANKES AD)/JL. JANKES RT 007 RW 002 KEL. MUNJUL KEC. CIPAYUNG, JAKARTA TIMUR",TAMAN,18904.0,-6.3478538,106.8955892,kelurahan,"Munjul, Cipayung, Jakarta Timur",boundary/administrative,Munjul
CIPAYUNG,DKI4 Lubang Buaya,13,MALAKA SARI,TPU CILANGKAP,"JL. MALAKA II NO.3, RT.6/RW.6, MALAKA SARI, KEC. DUREN SAWIT, KOTA JAKARTA TIMUR, DAERAH KHUSUS IBUKOTA JAKARTA 13460",TPU,18705.0,,,gagal,,,
CIPAYUNG,DKI4 Lubang Buaya,14,SETU,TPU BANTAR JATI,"JALAN BANTAR JATI, SETU, CIPAYUNG, RT.7/RW.2, SETU, JAKARTA TIMUR, KOTA JAKARTA TIMUR, DAERAH KHUSUS IBUKOTA JAKARTA 13880",TPU,18400.0,-6.3126672,106.9168808,objek,"TPU BANTAR JATI, Setu, Cipayung, Jakarta Timur",landuse/cemetery,TPU Bantar Jati
CIPAYUNG,DKI4 Lubang Buaya,15,CIPAYUNG,TAMAN PINANG,"JL. PINANG, JAKARTA TIMUR",TAMAN,17429.0,-6.32692,106.9010102,jalan,"Jalan PINANG, JAKARTA TIMUR",highway/residential,Jalan Pinang
CIPAYUNG,DKI4 Lubang Buaya,16,SETU,RTH RT 008 RW 003,"RT 008 RW 003, KEL. SETU, KEC. CIPAYUNG, JAKARTA TIMUR",TAMAN,16629.0,-6.3127494,106.9145539,kelurahan,"SETU, CIPAYUNG, JAKARTA TIMUR",boundary/administrative,Setu
CIPAYUNG,DKI4 Lubang Buaya,17,BAMBU APUS,RTH JL. PALEM KARTIKA NO. 21 RT 001 RW 002 (TAMAN BAKOEN PARK),JL. PALEM KARTIKA NO. 21 RT 001 RW 002,TAMAN,15550.0,-6.3123303,106.8993402,jalan,"Jalan PALEM KARTIKA NO. 21, Jakarta Timur",highway/residential,Jalan Palem Kartika
CIPAYUNG,DKI4 Lubang Buaya,18,LUBANG BUAYA,RTH JL. KRAMAT III RT. 004 RW. 02,"JL. KRAMAT III RT 004 RW 002, KEL. LUBANG BUAYA, KEC. CIPAYUNG, JAKARTA TIMUR",TAMAN,15530.0,-6.2930929,106.9090601,jalan,"Jalan KRAMAT III, LUBANG BUAYA, CIPAYUNG, JAKARTA TIMUR",highway/residential,Jalan Kramat III
CIPAYUNG,DKI4 Lubang Buaya,19,CIPAYUNG,TPU CIPAYUNG,"JL. CIPAYUNG RAYA NO.60, RT.8/RW.3, CIPAYUNG, KEC. CIPAYUNG, KOTA JAKARTA TIMUR, DAERAH KHUSUS IBUKOTA JAKARTA 13840",TPU,15315.0,-6.3327412,106.8911576,jalan,"Jalan CIPAYUNG RAYA NO.60, CIPAYUNG, CIPAYUNG, JAKARTA TIMUR",highway/tertiary,Jalan Raya Cipayung
CIPAYUNG,DKI4 Lubang Buaya,20,CIPAYUNG,HUTAN KOTA CIPAYUNG,JL. KAV DKI RT 007 RW 001 KEL. CIPAYUNG KEC. CIPAYUNG JAKARTA TIMUR,HUTAN,15127.0,-6.3389725,106.8905677,objek,"HUTAN KOTA CIPAYUNG, Cipayung, Cipayung, Jakarta Timur",leisure/park,Hutan Kota Cipayung
CIPAYUNG,DKI4 Lubang Buaya,21,CEGER,RTH TAMAN BLUNTAS JL. MANUNGGAL II,"JL. MANUNGGAL II NO.1, RT.3/RW.1, CEGER, KEC. CIPAYUNG, KOTA JAKARTA TIMUR, DAERAH KHUSUS IBUKOTA JAKARTA 13820",TAMAN,14516.0,-6.3110164,106.8870815,jalan,"Jalan MANUNGGAL II NO.1, CEGER, CIPAYUNG, JAKARTA TIMUR",highway/residential,Jalan Manunggal II
CIPAYUNG,DKI4 Lubang Buaya,22,CEGER,HUTAN KOTA INDRALOKA,JL. MANDOR HASAN (TAMAN INDRALOKA) KEL. CEGER KEC. CIPAYUNG JAKARTA TIMUR,HUTAN,14194.0,-6.3130259,106.8905229,kelurahan,"Ceger, Cipayung, Jakarta Timur",boundary/administrative,Ceger
CIPAYUNG,DKI4 Lubang Buaya,23,SETU,RTH JL. SETU RAYA RT. 008 RW. 03,"JL. SETU RAYA RT. 008 RW. 03, KEL. SETU, KEC. CIPAYUNG, JAKARTA TIMUR",TAMAN,12924.0,-6.3178327,106.9149,jalan,"Jalan SETU RAYA, SETU, CIPAYUNG, JAKARTA TIMUR",highway/residential,Jalan Setu Indah Raya
CIPAYUNG,DKI4 Lubang Buaya,24,BAMBU APUS,TAMAN KASIA,"JL. MANDOR HASAN, KELURAHAN BAMBU APUS, KECAMATAN CIPAYUNG, JAKARTA TIMUR",TAMAN,12682.0,-6.3248599,106.8968667,jalan,"Jalan MANDOR HASAN, BAMBU APUS, CIPAYUNG, JAKARTA TIMUR",highway/residential,Jalan Mandor Hasan
CIPAYUNG,DKI4 Lubang Buaya,25,CILANGKAP,RTH GIRI KENCANA,"JL. GIRI KENCANA, KEL. CILANGKAP, KEC. CIPAYUNG, JAKARTA TIMUR",TAMAN,12665.0,-6.3389678,106.9044321,jalan,"Jalan GIRI KENCANA, CILANGKAP, CIPAYUNG, JAKARTA TIMUR",highway/residential,Jalan Giri Kencana
CIPAYUNG,DKI4 Lubang Buaya,26,CILANGKAP,RTH TAMAN MELATI JL. ASSYAFIIYAH,"JL. TAMAN MELATI NO.5, RT.5/RW.3, CILANGKAP, KEC. CIPAYUNG, KOTA JAKARTA TIMUR, DAERAH KHUSUS IBUKOTA JAKARTA 13870",TAMAN,12434.0,-6.3341905,106.9005215,jalan,"Jalan TAMAN MELATI NO.5, CILANGKAP, CIPAYUNG, JAKARTA TIMUR",highway/residential,Jalan Taman Melati
CIPAYUNG,DKI4 Lubang Buaya,27,CIPAYUNG,RTH MASJID NURUL HIDAYAH,"JL. MESJID NURUL HIDAYAH KEL. CIPAYUNG KEC. CIPAYUNG, JAKARTA TIMUR RT 006 RW 006",TAMAN,12425.0,-6.329545,106.8930244,kelurahan,"Cipayung, Cipayung, Jakarta Timur",boundary/administrative,Cipayung
CIPAYUNG,DKI4 Lubang Buaya,28,,"JH. JL. HANKAM SELATAN, JL. HANKAM BARAT","JH. JL. HANKAM SELATAN, JL. HANKAM BARAT",JALUR HIJAU,12000.0,,,gagal,,,
CIPAYUNG,DKI4 Lubang Buaya,29,BAMBU APUS,RTH JL. DAMAI RAYA RT. 001 RW. 01 (TAMAN DAMAI RAYA),JL. DAMAI RAYA RT. 001 RW. 01,TAMAN,11630.0,-6.3131056,106.9009726,kelurahan,"Bambu Apus, Cipayung, Jakarta Timur",boundary/administrative,Bambu Apus
CIPAYUNG,DKI4 Lubang Buaya,30,SETU,HUTAN KOTA SETU,"JL. PERDAGANGAN RT. 002 RW. 01 KEL. SETU, KEC. CIPAYUNG, JAKARTA TIMUR",HUTAN,10893.0,-6.3050554,106.9175809,jalan,"Jalan PERDAGANGAN SETU, CIPAYUNG, JAKARTA TIMUR",highway/residential,Jalan Perdagangan
CIPAYUNG,DKI4 Lubang Buaya,31,,JH. JL. HANKAM UTARA,JH. JL. HANKAM UTARA,JALUR HIJAU,10845.0,,,gagal,,,
CIPAYUNG,DKI4 Lubang Buaya,32,SETU,HUTAN KOTA BAMBU WULUNG,RT 005 RW 003 KEL. SETU KEC. CIPAYUNG JAKARTA TIMUR,HUTAN,10722.0,-6.3127494,106.9145539,kelurahan,SETU CIPAYUNG JAKARTA TIMUR,boundary/administrative,Setu
CIPAYUNG,DKI4 Lubang Buaya,33,,"JH. JL. BINA MARGA, JH. JL. JAMBORE, JH. JL. RAYA CIPAYUNG",JH. JL. BINA MARGA,JALUR HIJAU,10200.0,,,gagal,,,
CIPAYUNG,DKI4 Lubang Buaya,34,MUNJUL,TPU MUNJUL,"JL. MASJID AL-AKBAR NO.RT.02, RT.2/RW.1, MUNJUL, KEC. CIPAYUNG, KOTA JAKARTA TIMUR, DAERAH KHUSUS IBUKOTA JAKARTA 13850",TPU,9820.0,-6.3536052,106.8987675,objek,"TPU MUNJUL, Munjul, Cipayung, Jakarta Timur",landuse/cemetery,TPU Munjul
CIPAYUNG,DKI4 Lubang Buaya,35,MUNJUL,RTH JL. RAYA MUNJUL RT. 002 RW. 002 NO. 99,"JL. MUNJUL NO. 99 RT 002 RW 002, KEL. MUNJUL, KEC. CIPAYUNG, JAKARTA TIMUR",TAMAN,8588.0,-6.3503681,106.8970351,jalan,"Jalan MUNJUL NO. 99, MUNJUL, CIPAYUNG, JAKARTA TIMUR",highway/tertiary,Jalan Munjul Raya
CIPAYUNG,DKI4 Lubang Buaya,36,CIPAYUNG,RTH FLAMBOYAN,"JL. FLAMBOYAN, RT.9/RW.1, CIPAYUNG, KEC. CIPAYUNG, KOTA JAKARTA TIMUR, DAERAH KHUSUS IBUKOTA JAKARTA 13840",TAMAN,7963.0,-6.3413602,106.8916759,jalan,"Jalan FLAMBOYAN, CIPAYUNG, CIPAYUNG, JAKARTA TIMUR",highway/living_street,Jalan Flamboyan
CIPAYUNG,DKI4 Lubang Buaya,37,BAMBU APUS,TAMAN PPA DEPSOS 1 DAN 2,"JL. P.P.A BLOK PAITEM NO.31, RT.5/RW.1, BAMBU APUS, KEC. CIPAYUNG, KOTA JAKARTA TIMUR, DAERAH KHUSUS IBUKOTA JAKARTA 13890",TAMAN,6532.0,-6.3131056,106.9009726,kelurahan,"Bambu Apus, Cipayung, Jakarta Timur",boundary/administrative,Bambu Apus
CIPAYUNG,DKI4 Lubang Buaya,38,,JH. JL. TMII PINTU 1,JH. JL. TMII PINTU 1,JALUR HIJAU,6456.2,,,gagal,,,
CIPAYUNG,DKI4 Lubang Buaya,39,LUBANG BUAYA,RTH KRAMAT III,"JL. KRAMAT III RT 004 RW 002 KEL. LUBANG BUAYA KEC. CIPAYUNG, JAKARTA TIMUR",TAMAN,6230.0,-6.2930929,106.9090601,jalan,"Jalan KRAMAT III LUBANG BUAYA CIPAYUNG, JAKARTA TIMUR",highway/residential,Jalan Kramat III
CIPAYUNG,DKI4 Lubang Buaya,40,BAMBU APUS,TAMAN MANDOR HASAN,"JL. MANDOR HASAN GG. AL-BARKAH NO.44A, RT.10/RW.1, BAMBU APUS, KEC. CIPAYUNG, KOTA JAKARTA TIMUR, DAERAH KHUSUS IBUKOTA JAKARTA 13840",TAMAN,6140.0,-6.3131056,106.9009726,kelurahan,"Bambu Apus, Cipayung, Jakarta Timur",boundary/administrative,Bambu Apus
CIPAYUNG,DKI4 Lubang Buaya,41,LUBANG BUAYA,TAMAN KEMBANG SEPATU,"JL. PAGELARANG NO.25, RT.7/RW.1, LUBANG BUAYA, KEC. CIPAYUNG, KOTA JAKARTA TIMUR, DAERAH KHUSUS IBUKOTA JAKARTA 13880",TAMAN,6119.0,-6.3018486,106.9139161,jalan,"Jalan PAGELARANG NO.25, LUBANG BUAYA, CIPAYUNG, JAKARTA TIMUR",highway/tertiary,Jalan Pagelarang
CIPAYUNG,DKI4 Lubang Buaya,42,CEGER,TPU CEGER,"JL. PUSARA NO.82, RT.2/RW.5, CEGER, KEC. CIPAYUNG, KOTA JAKARTA TIMUR, DAERAH KHUSUS IBUKOTA JAKARTA 13820",TPU,5829.0,-6.3151581,106.8891914,objek,"TPU CEGER, Ceger, Cipayung, Jakarta Timur",landuse/cemetery,TPU Ceger
CIPAYUNG,DKI4 Lubang Buaya,43,,JH. JL. CILANGKAP,JH. JL. CILANGKAP,JALUR HIJAU,5755.2,,,gagal,,,
CIPAYUNG,DKI4 Lubang Buaya,44,CIPAYUNG,RTH CIPAYUNG (TAMAN CIPAYUNG ASRI) / TAMAN PAYUNG ASRI,"RW. 02, KEL. CIPAYUNG, KEC. CIPAYUNG, JAKARTA TIMUR",TAMAN,5696.0,-6.329545,106.8930244,kelurahan,"CIPAYUNG, CIPAYUNG, JAKARTA TIMUR",boundary/administrative,Cipayung
CIPAYUNG,DKI4 Lubang Buaya,45,PONDOK RANGGON,RTH PONDOK RANGON,"JL. PONDOK RANGGON RAYA RT 001 RW 006, KEL. PONDOK RANGGON, KEC. CIPAYUNG, JAKARTA TIMUR",TAMAN,5082.0,-6.3544342,106.9066357,kelurahan,"Pondok Ranggon, Cipayung, Jakarta Timur",boundary/administrative,Pondok Ranggon
CIPAYUNG,DKI4 Lubang Buaya,46,CILANGKAP,RTH RAYA CILANGKAP RT 07 (TAMAN CILANGKAP SEJUK),"JL. SEJUK/GEREJA RT 007 RW 004 KEL. CILANGKAP KEC. CIPAYUNG, JAKARTA TIMUR",TAMAN,4905.0,-6.3335136,106.9092529,kelurahan,"Cilangkap, Cipayung, Jakarta Timur",boundary/administrative,Cilangkap
CIPAYUNG,DKI4 Lubang Buaya,47,SETU,RTH JL. RAYA SETU CIPAYUNG RT.008 RW.03,RTH JL. RAYA SETU CIPAYUNG RT.008 RW.03,TAMAN,4885.0,-6.3127494,106.9145539,kelurahan,"Setu, Cipayung, Jakarta Timur",boundary/administrative,Setu
CIPAYUNG,DKI4 Lubang Buaya,48,BAMBU APUS,TAMAN CALIANDRA (RPTRA GEBANG SARI),"JL. GEBANG SARI, RT.2/RW.5, BAMBU APUS, KEC. CIPAYUNG, KOTA JAKARTA TIMUR, DAERAH KHUSUS IBUKOTA JAKARTA 13890",TAMAN,4648.0,-6.315282,106.9042779,jalan,"Jalan GEBANG SARI, BAMBU APUS, CIPAYUNG, JAKARTA TIMUR",highway/residential,Jalan Gebang Sari
CIPAYUNG,DKI4 Lubang Buaya,49,MUNJUL,RTH JL. DUREN RT. 001 RW. 08,"JL. DUREN RT. 001 RW. 08, KEL. MUNJUL, KEC. CIPAYUNG, JAKARTA TIMUR",TAMAN,4571.0,-6.3419568,106.8949925,jalan,"Jalan DUREN, MUNJUL, CIPAYUNG, JAKARTA TIMUR",highway/residential,Jalan Duren
CIPAYUNG,DKI4 Lubang Buaya,50,,JH. JL. PONDOK RANGGON (PEMELIHARAAN POHON),JH. JL. PONDOK RANGGON (PEMELIHARAAN POHON),JALUR HIJAU,4500.0,,,gagal,,,
CIPAYUNG,DKI4 Lubang Buaya,51,LUBANG BUAYA,TAMAN AL UMAR 2,"RT.2/RW.12, LUBANG BUAYA, KEC. CIPAYUNG, KOTA JAKARTA TIMUR, DAERAH KHUSUS IBUKOTA JAKARTA 13810, INDONESIA",TAMAN,4450.0,-6.2928737,106.9030865,kelurahan,"LUBANG BUAYA, CIPAYUNG, JAKARTA TIMUR, INDONESIA",boundary/administrative,Lubang Buaya
CIPAYUNG,DKI4 Lubang Buaya,52,PONDOK RANGGON,HUTAN KOTA PONDOK RANGGON,"JL. ASRI I RT. 002 RW. 03, KEL. PONDOK RANGON, KEC. CIPAYUNG, JAKARTA TIMUR",HUTAN,4385.0,-6.369279,106.8991026,jalan,"HUTAN KOTA PONDOK RANGGON, Pondok Ranggon, Cipayung, Jakarta Timur",highway/residential,Jalan Arboretum
CIPAYUNG,DKI4 Lubang Buaya,53,BAMBU APUS,RTH JL. PPA RT. 007 RW. 01,"JL. PPA RT 007 RW 001, KEL. BAMBU APUS, KEC. CIPAYUNG, JAKARTA TIMUR",TAMAN,4266.0,-6.3167817,106.8962394,jalan,"Jalan PPA, BAMBU APUS, CIPAYUNG, JAKARTA TIMUR",highway/tertiary,Jalan PPA
CIPAYUNG,DKI4 Lubang Buaya,54,,JH. JL. CIPAYUNG (PEMELIHARAAN POHON),JH. JL. CIPAYUNG (PEMELIHARAAN POHON),JALUR HIJAU,3500.0,,,gagal,,,
CIPAYUNG,DKI4 Lubang Buaya,55,,JH. MALAKA RAYA (PEMELIHARAAN POHON),JH. MALAKA RAYA (PEMELIHARAAN POHON),JALUR HIJAU,3500.0,,,gagal,,,
CIPAYUNG,DKI4 Lubang Buaya,56,LUBANG BUAYA,TAMAN AL UMAR 1,"JL.MESJID AL UMAR RT.4/RW.12, LUBANG BUAYA, KEC. CIPAYUNG, KOTA JAKARTA TIMUR, DAERAH KHUSUS IBUKOTA JAKARTA 13810, INDONESIA",TAMAN,3145.0,-6.2928737,106.9030865,kelurahan,"Lubang Buaya, Cipayung, Jakarta Timur",boundary/administrative,Lubang Buaya
CIPAYUNG,DKI4 Lubang Buaya,57,,JH. JL. AS SYAFIIAH (PEMELIHARAAN POHON),JH. JL. AS SYAFIIAH (PEMELIHARAAN POHON),JALUR HIJAU,3000.0,,,gagal,,,
CIPAYUNG,DKI4 Lubang Buaya,58,,JH. JL. CEGER (PEMELIHARAAN POHON),JH. JL. CEGER (PEMELIHARAAN POHON),JALUR HIJAU,3000.0,,,gagal,,,
CIPAYUNG,DKI4 Lubang Buaya,59,,JH. JL. GEMPOL (PEMELIHARAAN POHON),JH. JL. GEMPOL (PEMELIHARAAN POHON),JALUR HIJAU,3000.0,,,gagal,,,
CIPAYUNG,DKI4 Lubang Buaya,60,,JH. JL. LUBANG BUAYA (PEMELIHARAAN POHON),JH. JL. LUBANG BUAYA (PEMELIHARAAN POHON),JALUR HIJAU,3000.0,,,gagal,,,
CIPAYUNG,DKI4 Lubang Buaya,61,CILANGKAP,TAMAN SETAPAK,"JL. SETAPAK RT.003 RW.004, KELURAHAN CILANGKAP, KECAMATAN CIPAYUNG, JAKARTA TIMUR",TAMAN,2966.0,-6.3335136,106.9092529,kelurahan,"Cilangkap, Cipayung, Jakarta Timur",boundary/administrative,Cilangkap
CIPAYUNG,DKI4 Lubang Buaya,62,CIPAYUNG,RTH BAMBU PETUNG,"JL. BAMBU PETUNG, KEL. BAMBU APUS, KEC. CIPAYUNG, JAKARTA TIMUR",TAMAN,2839.0,-6.329545,106.8930244,kelurahan,"Cipayung, Cipayung, Jakarta Timur",boundary/administrative,Cipayung
CIPAYUNG,DKI4 Lubang Buaya,63,,JH. JL. MUNJUL (PEMELIHARAAN POHON),JH. JL. MUNJUL (PEMELIHARAAN POHON),JALUR HIJAU,2500.0,,,gagal,,,
CIPAYUNG,DKI4 Lubang Buaya,64,CIPAYUNG,TAMAN ALAMANDA,"JL. ALAMANDA 17, RT.9/RW.1, CIPAYUNG, KEC. CIPAYUNG, KOTA JAKARTA TIMUR, DAERAH KHUSUS IBUKOTA JAKARTA 13840",TAMAN,2446.0,-6.3317234,106.9018341,jalan,"Jalan ALAMANDA 17, CIPAYUNG, CIPAYUNG, JAKARTA TIMUR",highway/residential,Jalan Alamanda
CIPAYUNG,DKI4 Lubang Buaya,65,CILANGKAP,TAMAN CEMPAKA,"RW 10 MALAKA SARI, JL. CEMPAKA II , JAKARTA TIMUR , DUREN SAWIT",TAMAN,2000.0,-6.3335136,106.9092529,kelurahan,"Cilangkap, Cipayung, Jakarta Timur",boundary/administrative,Cilangkap
CIPAYUNG,DKI4 Lubang Buaya,66,PONDOK RANGGON,RTH JL. BERINGIN,"JL. BERINGIN RT 004 RW 002 KEL. PONDOK RANGGON KEC. CIPAYUNG, JAKARTA TIMUR",TAMAN,1864.0,-6.3477876,106.9154471,jalan,"Jalan BERINGIN PONDOK RANGGON CIPAYUNG, JAKARTA TIMUR",highway/residential,Jalan Beringin
CIPAYUNG,DKI4 Lubang Buaya,67,SETU,RTH RT 002 RW 001,"RT 002 RW 001 KEL. SETU, KEC. CIPAYUNG, JAKARTA TIMUR",TAMAN,1618.0,-6.3127494,106.9145539,kelurahan,"SETU, CIPAYUNG, JAKARTA TIMUR",boundary/administrative,Setu
CIPAYUNG,DKI4 Lubang Buaya,68,,JH. JL. BAMBU APUS,JH. JL. BAMBU APUS,JALUR HIJAU,1426.8,,,gagal,,,
CIPAYUNG,DKI4 Lubang Buaya,69,CIPAYUNG,TAMAN BINA MARGA I,"JL. BINA MARGA RW.6, CIPAYUNG, KEC. CIPAYUNG, KOTA JAKARTA TIMUR, DAERAH KHUSUS IBUKOTA JAKARTA 13840",TAMAN,1317.0,-6.3172008,106.8913772,jalan,"Jalan BINA MARGA, CIPAYUNG, CIPAYUNG, JAKARTA TIMUR",highway/tertiary,Jalan Bina Marga
CIPAYUNG,DKI4 Lubang Buaya,70,CIPAYUNG,TAMAN BLOK E1 DAN E2,"RT.10/RW.1, CIPAYUNG, KEC. CIPAYUNG, KOTA JAKARTA TIMUR, DAERAH KHUSUS IBUKOTA JAKARTA 13840",TAMAN,1158.0,-6.329545,106.8930244,kelurahan,"CIPAYUNG, CIPAYUNG, JAKARTA TIMUR",boundary/administrative,Cipayung
CIPAYUNG,DKI4 Lubang Buaya,71,CIPAYUNG,TAMAN BLOK N,JL. CENDANA RT. 02/08,TAMAN,1113.0,-6.3254715,106.8943044,jalan,"Jalan CENDANA /08, Jakarta Timur",highway/residential,Jalan Cendana
CIPAYUNG,DKI4 Lubang Buaya,72,CIPAYUNG,TAMAN BINA MARGA II,"JL. BINA MARGA 11, RT.1/RW.5, CIPAYUNG, KEC. CIPAYUNG, KOTA JAKARTA TIMUR, DAERAH KHUSUS IBUKOTA JAKARTA 13840",TAMAN,1000.0,-6.3172008,106.8913772,jalan,"Jalan BINA MARGA 11, CIPAYUNG, CIPAYUNG, JAKARTA TIMUR",highway/tertiary,Jalan Bina Marga
CIPAYUNG,DKI4 Lubang Buaya,73,CILANGKAP,RTH JL. RAYA CILANGKAP RT. 002 RW. 05,"L. RAYA CILANGKAP RT 002 RW 005, KEL. CILANGKAP, KEC. CIPAYUNG, JAKARTA TIMUR (SAMPING TAMAN FLAMBOYAN)",TAMAN,893.0,-6.3335136,106.9092529,kelurahan,"Cilangkap, Cipayung, Jakarta Timur",boundary/administrative,Cilangkap
CIPAYUNG,DKI4 Lubang Buaya,74,CIPAYUNG,TAMAN FLAMBOYAN 2,"JL. FLAMBOYAN P1 NO.15, RT.9/RW.1, CIPAYUNG, EAST JAKARTA CITY, JAKARTA 13840",TAMAN,893.0,-6.329545,106.8930244,kelurahan,"Cipayung, Cipayung, Jakarta Timur",boundary/administrative,Cipayung
CIPAYUNG,DKI4 Lubang Buaya,75,CIPAYUNG,TAMAN AKUSTIK,"JL. AKUSTIK NO.1, RT.5/RW.8, CIPAYUNG, KEC. CIPAYUNG, KOTA JAKARTA TIMUR, DAERAH KHUSUS IBUKOTA JAKARTA 13840",TAMAN,499.0,-6.3332549,106.8899793,jalan,"Jalan AKUSTIK NO.1, CIPAYUNG, CIPAYUNG, JAKARTA TIMUR",highway/residential,Jalan Akustik
CIPAYUNG,DKI4 Lubang Buaya,76,CIPAYUNG,TAMAN RTH CIPAYUNG,JL. PENGEMBANGAN RT. 07/01,TAMAN,383.0,-6.329545,106.8930244,kelurahan,"Cipayung, Cipayung, Jakarta Timur",boundary/administrative,Cipayung
KEBON JERUK,DKI5 Kebon Jeruk,1,SUKABUMI SELATAN,"JALUR HIJAU TEPIAN AIR KALI MOOKERVART (DARI JL. PANJANG S/D SIMPANG RING ROAD, JAKARTA BARAT)","JL. PANJANG S/D SIMPANG RING ROAD, JAKARTA BARAT)",JALUR HIJAU,31904.0,-6.2213146,106.7717789,jalan,"Jalan PANJANG, JAKARTA BARAT",highway/tertiary,Jalan Panjang
KEBON JERUK,DKI5 Kebon Jeruk,2,DURI KEPA,TPU KEPA DURI,"JL. VILLA TOMANG MAS NO.13, RT.3/RW.8, DURI KEPA, KEC. KB. JERUK, KOTA JAKARTA BARAT, DAERAH KHUSUS IBUKOTA JAKARTA 11510",TPU,23140.0,-6.1808429,106.7737322,manual,manual: Google Maps,,
KEBON JERUK,DKI5 Kebon Jeruk,3,KELAPA DUA,KEBUN BIBIT VILLA KELAPA DUA,"JL. RAYA KLP. DUA, RT.1/RW.2, KLP. DUA, KEC. KB. JERUK, KOTA JAKARTA BARAT, DAERAH KHUSUS IBUKOTA JAKARTA 11550",TAMAN,23000.0,-6.2095281,106.7688125,kelurahan,"Kelapa Dua, Kebon Jeruk, Jakarta Barat",boundary/administrative,Kelapa Dua
KEBON JERUK,DKI5 Kebon Jeruk,4,SLIPI,JALUR HIJAU AMENITIES DAN SISI TOL JL. S. PARMAN (LAMPU MERAH SLIPI - LAMPU MERAH TOMANG),JL. S. PARMAN (LAMPU MERAH SLIPI - LAMPU MERAH TOMANG),JALUR HIJAU,21000.0,,,gagal,,,
KEBON JERUK,DKI5 Kebon Jeruk,5,KEBON JERUK,TPU RAWA KOPI,"JL. KEDOYA RAYA NO.25, RT.7/RW.3, KEDOYA SEL., KEC. KB. JERUK, KOTA JAKARTA BARAT, DAERAH KHUSUS IBUKOTA JAKARTA 11520",TPU,16645.0,-6.1886211,106.7614281,objek,"TPU RAWA KOPI, Kebon Jeruk, Kebon Jeruk, Jakarta Barat",landuse/cemetery,TPU Rawa Kopi
KEBON JERUK,DKI5 Kebon Jeruk,6,SUKABUMI SELATAN,TPU SUKABUMI SELATAN,"JL. RAYA SUKABUMI SELATAN, RT.8/RW.6, SUKABUMI SEL., KEC. KB. JERUK, KOTA JAKARTA BARAT, DAERAH KHUSUS IBUKOTA",TPU,10960.0,-6.2215483,106.7721536,kelurahan,"Sukabumi Selatan, Kebon Jeruk, Jakarta Barat",boundary/administrative,Sukabumi Selatan
KEBON JERUK,DKI5 Kebon Jeruk,7,KEDOYA UTARA,TAMAN GREEN GARDEN,"JL. RAYA BLOK M KOMPLEK GREEN GARDEN RW 010, KEDOYA UTARA, KEBON JERUK, JAKARTA BARAT",TAMAN,6312.0,-6.1685547,106.7609655,kelurahan,"Kedoya Utara, Kebon Jeruk, Jakarta Barat",boundary/administrative,Kedoya Utara
KEBON JERUK,DKI5 Kebon Jeruk,8,KEDOYA SELATAN,JALUR HIJAU JL. PANJANG DR FO. KEBON JERUK S/D LM KEDOYA COSMOS,JH. JL. PANJANG DR FO. KEBON JERUK S/D LM KEDOYA COSMOS,JALUR HIJAU,6240.0,-6.180638,106.7603535,kelurahan,"Kedoya Selatan, Kebon Jeruk, Jakarta Barat",boundary/administrative,Kedoya Selatan
KEBON JERUK,DKI5 Kebon Jeruk,9,SLIPI,KOLONG TOL SLIPI,KOLONG TOL SLIPI,JALUR HIJAU,5849.0,,,gagal,,,
KEBON JERUK,DKI5 Kebon Jeruk,10,KEDOYA SELATAN,TAMAN MEDIAN KOMP. ANEKA ELOK,"JL. KEDOYA AKASIA II, RT.6/RW.4, KEDOYA SEL., KEC. KB. JERUK, KOTA JAKARTA BARAT, DAERAH KHUSUS IBUKOTA JAKARTA 11520",TAMAN,4432.0,-6.180638,106.7603535,kelurahan,"Kedoya Selatan, Kebon Jeruk, Jakarta Barat",boundary/administrative,Kedoya Selatan
KEBON JERUK,DKI5 Kebon Jeruk,11,DURI KEPA,TAMAN DUPA INDAH,"JL. MANGGA XIV RT 007 RW 003, KEL. DURI KEPA, KEC. KEBON JERUK, JAKARTA BARAT",TAMAN,3009.0,-6.1724198,106.7755317,jalan,"Jalan MANGGA XIV, DURI KEPA, KEBON JERUK, JAKARTA BARAT",highway/residential,Jalan Mangga XIV
KEBON JERUK,DKI5 Kebon Jeruk,12,,JALUR HIJAU JL. PANJANG DR JL. E (JL. H. DOMANG) S/D FO. KEBON JERUK,JH. JL. PANJANG DR JL. E (JL. H. DOMANG) S/D FO. KEBON JERUK,JALUR HIJAU,2760.0,,,gagal,,,
KEBON JERUK,DKI5 Kebon Jeruk,13,KEDOYA UTARA,TAMAN SUNRISE GARDEN RW 05 ( II ),"JL. SURYA MULIA, RT.11/RW.5, KEDOYA UTARA, KEC. KB. JERUK, KOTA JAKARTA BARAT, DAERAH KHUSUS IBUKOTA JAKARTA 11520",TAMAN,2677.9,-6.1685547,106.7609655,kelurahan,"Kedoya Utara, Kebon Jeruk, Jakarta Barat",boundary/administrative,Kedoya Utara
KEBON JERUK,DKI5 Kebon Jeruk,14,,JALUR HIJAU JL. RATU KAMBOJA (KEDOYA COSMOS),JH. JL. RATU KAMBOJA (KEDOYA COSMOS),JALUR HIJAU,2626.0,,,gagal,,,
KEBON JERUK,DKI5 Kebon Jeruk,15,KEBON JERUK,TAMAN KOMPLEK KEBON JERUK BLOK C RW. 08,KOMPLEK KEBON JERUK BLOK C RW. 08,TAMAN,2398.0,-6.1956736,106.7721481,kelurahan,"Kebon Jeruk, Kebon Jeruk, Jakarta Barat",boundary/administrative,Kebon Jeruk
KEBON JERUK,DKI5 Kebon Jeruk,16,KEBON JERUK,TAMAN KOMPLEK KEBON JERUK BLOK A RW. 08,KOMPLEK KEBON JERUK BLOK A RW. 08,TAMAN,2369.3,-6.1956736,106.7721481,kelurahan,"Kebon Jeruk, Kebon Jeruk, Jakarta Barat",boundary/administrative,Kebon Jeruk
KEBON JERUK,DKI5 Kebon Jeruk,17,,JALUR HIJAU JL. KEBON RAYA,JH. JL. KEBON RAYA,JALUR HIJAU,2156.0,,,gagal,,,
KEBON JERUK,DKI5 Kebon Jeruk,18,,JALUR HIJAU FO PESING ATAS DAN BAWAH DR REL KERETA API S/D LM TB. ANGKE,JH. FO PESING ATAS DAN BAWAH DR REL KERETA API S/D LM TB. ANGKE,JALUR HIJAU,2128.0,,,gagal,,,
KEBON JERUK,DKI5 Kebon Jeruk,19,KEDOYA SELATAN,TAMAN ANEKA ELOK BLOK A 10,"BLOK, JL. KEDOYA AZALEA XI BLOK A6 NO.10, RT.2/RW.4, SOUTH KEDOYA, KEBONJERUK, WEST JAKARTA CITY, JAKARTA 11520",TAMAN,2048.4,-6.180638,106.7603535,kelurahan,"Kedoya Selatan, Kebon Jeruk, Jakarta Barat",boundary/administrative,Kedoya Selatan
KEBON JERUK,DKI5 Kebon Jeruk,20,,JALUR HIJAU JL. PANJANG DR KALI S/D JL. E (JL. H. DOMANG),JH. JL. PANJANG DR KALI S/D JL. E (JL. H. DOMANG),JALUR HIJAU,2016.0,,,gagal,,,
KEBON JERUK,DKI5 Kebon Jeruk,21,DURI KEPA,RTH DURI KEPA (TAMAN NIRMALA MAS),"RT 013 RW 008, KEL. DURI KEPA, KEC. KEBON JERUK, JAKARTA BARAT",TAMAN,1861.0,-6.175123,106.7743079,kelurahan,"DURI KEPA, KEBON JERUK, JAKARTA BARAT",boundary/administrative,Duri Kepa
KEBON JERUK,DKI5 Kebon Jeruk,22,,JALUR HIJAU FO. KEBON JERUK,JH. FO. KEBON JERUK,JALUR HIJAU,1840.0,,,gagal,,,
KEBON JERUK,DKI5 Kebon Jeruk,23,DURI KEPA,TAMAN KEBON RAYA,"JL. KEBON RAYA VI NO.27, RT.1/RW.1, DURI KEPA, KEC. KB. JERUK, KOTA JAKARTA BARAT, DAERAH KHUSUS IBUKOTA JAKARTA 11510",TAMAN,1825.0,-6.1653711,106.7675074,jalan,"TAMAN KEBON RAYA, Duri Kepa, Kebon Jeruk, Jakarta Barat",highway/residential,Jalan Taman Ratu Raya
KEBON JERUK,DKI5 Kebon Jeruk,24,DURI KEPA,RTH JL. PATRA KP. DURI RT. 007 RW. 02,"KP. DURI RT. 007/02, KEL. DURI KEPA, KEC. KEBON JERUK, JAKARTA BARAT",TAMAN,1776.0,-6.1869546,106.7750497,jalan,"KP. DURI /02, DURI KEPA, KEBON JERUK, JAKARTA BARAT",highway/tertiary,Jalan Duri Kepa Raya
KEBON JERUK,DKI5 Kebon Jeruk,25,KEDOYA SELATAN,TAMAN ANEKA ELOK BLOK AE 8,"BLOK, JL. KEDOYA AZALEA BLOK AE 8, SOUTH KEDOYA, KEBONJERUK, WEST JAKARTA CITY, JAKARTA 11520",TAMAN,1758.0,-6.180638,106.7603535,kelurahan,"Kedoya Selatan, Kebon Jeruk, Jakarta Barat",boundary/administrative,Kedoya Selatan
KEBON JERUK,DKI5 Kebon Jeruk,26,KEBON JERUK,TAMAN FLAMBOYANT,"JL. RAYA KB. JERUK NO.1, RT.1/RW.11, KB. JERUK, KEC. KB. JERUK, KOTA JAKARTA BARAT, DAERAH KHUSUS IBUKOTA JAKARTA 11530",TAMAN,1752.0,-6.1956736,106.7721481,kelurahan,"Kebon Jeruk, Kebon Jeruk, Jakarta Barat",boundary/administrative,Kebon Jeruk
KEBON JERUK,DKI5 Kebon Jeruk,27,KEDOYA UTARA,JALUR HIJAU JL. PANJANG DR LM KEDOYA COSMOD S/D REL KERETA API,JH. JL. PANJANG DR LM KEDOYA COSMOD S/D REL KERETA API,JALUR HIJAU,1686.0,-6.1685547,106.7609655,kelurahan,"Kedoya Utara, Kebon Jeruk, Jakarta Barat",boundary/administrative,Kedoya Utara
KEBON JERUK,DKI5 Kebon Jeruk,28,KEDOYA UTARA,TAMAN SUNRISE GARDEN RW 05 ( I ),"JL. SURYA MULIA, RT.11/RW.5, KEDOYA UTARA, KEC. KB. JERUK, KOTA JAKARTA BARAT, DAERAH KHUSUS IBUKOTA JAKARTA 11520",TAMAN,1446.5,-6.1685547,106.7609655,kelurahan,"Kedoya Utara, Kebon Jeruk, Jakarta Barat",boundary/administrative,Kedoya Utara
KEBON JERUK,DKI5 Kebon Jeruk,29,,JALUR HIJAU JL. PANJANG DR LM POS PENGUMBEN S/D KALI,JH. JL. PANJANG DR LM POS PENGUMBEN S/D KALI,JALUR HIJAU,1401.0,,,gagal,,,
KEBON JERUK,DKI5 Kebon Jeruk,30,KEDOYA SELATAN,TAMAN ANEKA ELOK BLOK E,"BLOK, JL. KEDOYA AZALEA BLOK E, SOUTH KEDOYA, KEBONJERUK, WEST JAKARTA CITY, JAKARTA 11520",TAMAN,1320.0,-6.180638,106.7603535,kelurahan,"Kedoya Selatan, Kebon Jeruk, Jakarta Barat",boundary/administrative,Kedoya Selatan
KEBON JERUK,DKI5 Kebon Jeruk,31,,JALUR HIJAU SEPARATOR DAN SEGITIGA PULAU JALAN JL. PANJANG,JH. SEPARATOR DAN SEGITIGA PULAU JALAN JL. PANJANG,JALUR HIJAU,1286.0,,,gagal,,,
KEBON JERUK,DKI5 Kebon Jeruk,32,KEDOYA UTARA,JALUR HIJAU JL. MANGGA RAYA KEL. KEDOYA UTARA KEC. KEBON JERUK,JH. JL. MANGGA RAYA KEL. KEDOYA UTARA KEC. KEBON JERUK,JALUR HIJAU,1240.0,-6.1685547,106.7609655,kelurahan,"Kedoya Utara, Kebon Jeruk, Jakarta Barat",boundary/administrative,Kedoya Utara
KEBON JERUK,DKI5 Kebon Jeruk,33,KEDOYA SELATAN,TAMAN ANEKA ELOK BLOK AD 12,"JL. KEDOYA AZALEA BLOK AD 12, KEDOYA SEL., KEC. KB. JERUK, KOTA JAKARTA BARAT, DAERAH KHUSUS IBUKOTA JAKARTA 11520",TAMAN,1184.6,-6.180638,106.7603535,kelurahan,"Kedoya Selatan, Kebon Jeruk, Jakarta Barat",boundary/administrative,Kedoya Selatan
KEBON JERUK,DKI5 Kebon Jeruk,34,SUKABUMI UTARA,TAMAN MELUR,"JL. RAYA KB. JERUK NO.2, RT.2/RW.6, SUKABUMI UTARA, KEC. KB. JERUK, KOTA JAKARTA BARAT, DAERAH KHUSUS IBUKOTA JAKARTA 11540",TAMAN,1169.8,-6.2087582,106.7778493,kelurahan,"Sukabumi Utara, Kebon Jeruk, Jakarta Barat",boundary/administrative,Sukabumi Utara
KEBON JERUK,DKI5 Kebon Jeruk,35,KEDOYA SELATAN,TAMAN ANEKA ELOK BLOK AA6,"BLOK, JL. KEDOYA AZALEA AA6 , SOUTH KEDOYA, KEBONJERUK, WEST JAKARTA CITY, JAKARTA 11520",TAMAN,1076.1,-6.180638,106.7603535,kelurahan,"Kedoya Selatan, Kebon Jeruk, Jakarta Barat",boundary/administrative,Kedoya Selatan
KEBON JERUK,DKI5 Kebon Jeruk,36,,JALUR HIJAU JL. PANJANG DR RS. PERMATA HIJAU S/D LM POS PENGUMBEN,JH. JL. PANJANG DR RS. PERMATA HIJAU S/D LM POS PENGUMBEN,JALUR HIJAU,1070.0,,,gagal,,,
KEBON JERUK,DKI5 Kebon Jeruk,37,,JALUR HIJAU JL. KEDOYA PILAR,JH. JL. KEDOYA PILAR,JALUR HIJAU,1050.0,,,gagal,,,
KEBON JERUK,DKI5 Kebon Jeruk,38,,JALUR HIJAU SEGITIGA POS PENGUMBEN,JH. SEGITIGA POS PENGUMBEN,JALUR HIJAU,1050.0,,,gagal,,,
KEBON JERUK,DKI5 Kebon Jeruk,39,,JALUR HIJAU JL. ARJUNA UTARA,JH. JL. ARJUNA UTARA,JALUR HIJAU,1050.0,,,gagal,,,
KEBON JERUK,DKI5 Kebon Jeruk,40,KEBON JERUK,TAMAN MUTIARA,"JL. TAMAN MUTIARA PRIMA, KEL. KEBUN JERUK, KEC. KEBON JERUK, JAKARTA BARAT",TAMAN,862.0,-6.1972377,106.7789881,jalan,"TAMAN MUTIARA, Kebon Jeruk, Kebon Jeruk, Jakarta Barat",highway/residential,Jalan Taman Mutiara Prima
KEBON JERUK,DKI5 Kebon Jeruk,41,DURI KEPA,TAMAN BLOK D PERUM TAMAN RATU RW. 06,"RW.13, DURI KEPA, KEBONJERUK, JAKARTA BARAT, JAKARTA 11510",TAMAN,776.2,-6.175123,106.7743079,kelurahan,"Duri Kepa, Kebon Jeruk, Jakarta Barat",boundary/administrative,Duri Kepa
KEBON JERUK,DKI5 Kebon Jeruk,42,KEDOYA SELATAN,TAMAN ANEKA ELOK BLOK AC 2,"JL. KEDOYA AZALEA BLOK AC 2, KEDOYA SEL., KEC. KB. JERUK, KOTA JAKARTA BARAT, DAERAH KHUSUS IBUKOTA JAKARTA 11520",TAMAN,760.3,-6.180638,106.7603535,kelurahan,"Kedoya Selatan, Kebon Jeruk, Jakarta Barat",boundary/administrative,Kedoya Selatan
KEBON JERUK,DKI5 Kebon Jeruk,43,KEBON JERUK,TAMAN SEBRANG KANTOR KECAMATAN,"JL. RAYA KB. JERUK 39, RT.5/RW.1, KB. JERUK, KEC. KB. JERUK, KOTA JAKARTA BARAT, DAERAH KHUSUS IBUKOTA JAKARTA 11530",TAMAN,707.8,-6.1956736,106.7721481,kelurahan,"Kebon Jeruk, Kebon Jeruk, Jakarta Barat",boundary/administrative,Kebon Jeruk
KEBON JERUK,DKI5 Kebon Jeruk,44,,JALUR HIJAU JL. LAPANGAN BOLA,JH. JL. LAPANGAN BOLA,JALUR HIJAU,702.0,,,gagal,,,
KEBON JERUK,DKI5 Kebon Jeruk,45,,JALUR HIJAU JL. RAYA PERJUANGAN,JH. JL. RAYA PERJUANGAN,JALUR HIJAU,520.0,,,gagal,,,
KEBON JERUK,DKI5 Kebon Jeruk,46,KEDOYA SELATAN,TAMAN ANEKA ELOK BLOK AB 4,"JL. KEDOYA AZALEA V, RT.4/RW.4, KEDOYA SEL., KEC. KB. JERUK, KOTA JAKARTA BARAT, DAERAH KHUSUS IBUKOTA JAKARTA 11520",TAMAN,489.6,-6.180638,106.7603535,kelurahan,"Kedoya Selatan, Kebon Jeruk, Jakarta Barat",boundary/administrative,Kedoya Selatan
KEBON JERUK,DKI5 Kebon Jeruk,47,KEDOYA SELATAN,TAMAN ANEKA ELOK BLOK AD 3,"JL. KEDOYA AZALEA BLOK AD 3, KEDOYA SEL., KEC. KB. JERUK, KOTA JAKARTA BARAT, DAERAH KHUSUS IBUKOTA JAKARTA 11520",TAMAN,484.8,-6.180638,106.7603535,kelurahan,"Kedoya Selatan, Kebon Jeruk, Jakarta Barat",boundary/administrative,Kedoya Selatan
KEBON JERUK,DKI5 Kebon Jeruk,48,KEDOYA SELATAN,TAMAN ANEKA ELOK BLOK A 11,"JL. KEDOYA AZALEA BLOK A 11, KEDOYA SEL., KEC. KB. JERUK, KOTA JAKARTA BARAT, DAERAH KHUSUS IBUKOTA JAKARTA 11520",TAMAN,452.0,-6.180638,106.7603535,kelurahan,"Kedoya Selatan, Kebon Jeruk, Jakarta Barat",boundary/administrative,Kedoya Selatan
KEBON JERUK,DKI5 Kebon Jeruk,49,KEDOYA UTARA,TAMAN RW. 04 KEDOYA UTARA,"JL. KOMP. GREEN GARDEN RW.4, KEDOYA UTARA, KEC. KB. JERUK, KOTA JAKARTA BARAT, DAERAH KHUSUS IBUKOTA JAKARTA 11520",TAMAN,440.0,-6.1752582,106.7667396,jalan,"TAMAN KEDOYA UTARA, Kedoya Utara, Kebon Jeruk, Jakarta Barat",highway/residential,Jalan Taman Ratu Raya
KEBON JERUK,DKI5 Kebon Jeruk,50,,JALUR HIJAU DEPAN GEREJA GKI JL. PANJANG,JH. DEPAN GEREJA GKI JL. PANJANG,JALUR HIJAU,420.0,,,gagal,,,
KEBON JERUK,DKI5 Kebon Jeruk,51,DURI KEPA,TAMAN JERUK BALI,"JL. JERUK BALI, RT.7/RW.6, DURI KEPA, KEC. KB. JERUK, KOTA JAKARTA BARAT, DAERAH KHUSUS IBUKOTA JAKARTA 11510",TAMAN,396.0,-6.175123,106.7743079,kelurahan,"Duri Kepa, Kebon Jeruk, Jakarta Barat",boundary/administrative,Duri Kepa
KEBON JERUK,DKI5 Kebon Jeruk,52,DURI KEPA,TAMAN JERUK MANIS,"JL. JERUK MANIS V NO.87, RT.1/RW.6, DURI KEPA, KEC. KB. JERUK, KOTA JAKARTA BARAT, DAERAH KHUSUS IBUKOTA JAKARTA 11510",TAMAN,384.0,-6.175123,106.7743079,kelurahan,"Duri Kepa, Kebon Jeruk, Jakarta Barat",boundary/administrative,Duri Kepa
KEBON JERUK,DKI5 Kebon Jeruk,53,KEDOYA UTARA,TAMAN COSMOS,"JL. TAMAN COSMOS, RT.6/RW.7, KEDOYA UTARA, KEC. KB. JERUK, KOTA JAKARTA BARAT, DAERAH KHUSUS IBUKOTA JAKARTA 11520",TAMAN,300.0,-6.1665082,106.7656504,jalan,"TAMAN COSMOS, Kedoya Utara, Kebon Jeruk, Jakarta Barat",highway/residential,Jalan Taman Cosmos I
KEBON JERUK,DKI5 Kebon Jeruk,54,KEDOYA SELATAN,JALUR HIJAU PULAU-PULAU DEPAN APARTEMEN KEDOYA,JH. PULAU-PULAU DEPAN APARTEMEN KEDOYA,JALUR HIJAU,290.0,-6.180638,106.7603535,kelurahan,"Kedoya Selatan, Kebon Jeruk, Jakarta Barat",boundary/administrative,Kedoya Selatan
KEBON JERUK,DKI5 Kebon Jeruk,55,KELAPA DUA,JALUR HIJAU SEGITIGA JL. ARJUNA SELATAN,JH. SEGITIGA JL. ARJUNA SELATAN,JALUR HIJAU,246.0,-6.2095281,106.7688125,kelurahan,"Kelapa Dua, Kebon Jeruk, Jakarta Barat",boundary/administrative,Kelapa Dua
KEBON JERUK,DKI5 Kebon Jeruk,56,,JALUR HIJAU PULAU-PULAU KEL. KEDOYA SELATAN,JH. PULAU-PULAU KEL. KEDOYA SELATAN,JALUR HIJAU,108.0,,,gagal,,,
KEBON JERUK,DKI5 Kebon Jeruk,57,KEDOYA SELATAN,JALUR HIJAU JL. DEPAN PANTI SOSIAL KEDOYA SELATAN,JH. JL. DEPAN PANTI SOSIAL KEDOYA SELATAN,JALUR HIJAU,73.0,-6.180638,106.7603535,kelurahan,"Kedoya Selatan, Kebon Jeruk, Jakarta Barat",boundary/administrative,Kedoya Selatan
KEBON JERUK,DKI5 Kebon Jeruk,58,,JALUR HIJAU SEGITIGA DEPAN APARTEMEN KEDOYA,JH. SEGITIGA DEPAN APARTEMEN KEDOYA,JALUR HIJAU,12.0,,,gagal,,,
